performance_id,person_id,role,instrument,notes,source_key,source_record_id
gd-1980-01-13-not-fade-away-1-9,person-carlos-santana,guest,guitar,"Carlos Santana and John Cipollina both joined on this song at the Cambodian refugee benefit. Lost Live Dead, 'January 13, 1980 Oakland Coliseum Arena' (Corry Arnold), corroborated by the JerryBase guest list for event 19800113-01.",manual,research-santana-onstage-2026-09-14
gd-1980-01-13-not-fade-away-1-9,person-john-cipollina,guest,guitar,"John Cipollina (Quicksilver Messenger Service) joined alongside Carlos Santana. Lost Live Dead, 'January 13, 1980 Oakland Coliseum Arena' (Corry Arnold), corroborated by the JerryBase guest list for event 19800113-01.",manual,research-santana-onstage-2026-09-14
gd-1980-01-13-sugar-magnolia-1-10,person-carlos-santana,guest,guitar,"Carlos Santana and John Cipollina both joined on this song at the Cambodian refugee benefit. Lost Live Dead, 'January 13, 1980 Oakland Coliseum Arena' (Corry Arnold), corroborated by the JerryBase guest list for event 19800113-01.",manual,research-santana-onstage-2026-09-14
gd-1980-01-13-sugar-magnolia-1-10,person-john-cipollina,guest,guitar,"John Cipollina (Quicksilver Messenger Service) joined alongside Carlos Santana. Lost Live Dead, 'January 13, 1980 Oakland Coliseum Arena' (Corry Arnold), corroborated by the JerryBase guest list for event 19800113-01.",manual,research-santana-onstage-2026-09-14
gd-1980-01-13-u-s-blues-2-1,person-greg-errico,guest,drums,"Greg Errico (Sly and the Family Stone) sat in on the U.S. Blues encore. Lost Live Dead, 'January 13, 1980 Oakland Coliseum Arena' (Corry Arnold), corroborated by the JerryBase guest list for event 19800113-01.",manual,research-santana-onstage-2026-09-14
gd-1987-08-22-good-morning-little-schoolgirl-1-9,person-carlos-santana,guest,guitar,Santana's band opened Mountain Aire II; Carlos joined to close the first set. First Good Morning Little School Girl since 1970-09-19. setlist.fm setlist for the date; JerryBase event 19870822-01.,manual,research-santana-onstage-2026-09-14
gd-1987-08-22-midnight-hour-1-10,person-carlos-santana,guest,guitar,Second of two first-set closers with Santana after his band's opening set. setlist.fm setlist for the date; JerryBase event 19870822-01.,manual,research-santana-onstage-2026-09-14
gd-1987-08-23-iko-iko-1-8,person-carlos-santana,guest,guitar,Santana's band opened; Carlos joined for the last two songs of the first set. setlist.fm setlist for the date; Grateful Dead official account (x.com/GratefulDead/status/1827045150960603175); Daily Dose of the Dead 2019-08-23.,manual,research-santana-onstage-2026-09-14
gd-1987-08-23-all-along-the-watchtower-1-9,person-carlos-santana,guest,guitar,"Second first-set closer with Santana, trading solos with Garcia. setlist.fm setlist for the date; Grateful Dead official account (x.com/GratefulDead/status/1827045150960603175).",manual,research-santana-onstage-2026-09-14
gd-1991-04-28-bird-song-1-7,person-carlos-santana,guest,guitar,Santana's band opened; Carlos joined for an extended first-set-closing Bird Song of roughly 17 minutes. No source credits him on the Box of Rain encore. Dead.net show page comments; Grateful Dead of the Day 04-28-1991 ('Carlos Santana plays on Bird Song').,manual,research-santana-onstage-2026-09-14
gd-1991-10-27-iko-iko-2-5,person-carlos-santana,guest,guitar,"Two days after Bill Graham's death: Santana and Gary Duncan joined Garcia and Weir for Iko Iko > Mona. JamBase, 'Grateful Dead Legends Team For Bill Graham Tribute' (on this date 1991-10-27); JerryBase event 19911027-02.",manual,research-santana-onstage-2026-09-14
gd-1991-10-27-iko-iko-2-5,person-gary-duncan,guest,guitar,"Gary Duncan (Quicksilver Messenger Service), his first Dead sit-in since 1972, alongside Carlos Santana. JamBase, 'Grateful Dead Legends Team For Bill Graham Tribute' (on this date 1991-10-27); JerryBase event 19911027-02.",manual,research-santana-onstage-2026-09-14
gd-1991-10-27-mona-2-6,person-carlos-santana,guest,guitar,"Two days after Bill Graham's death: Santana and Gary Duncan joined Garcia and Weir for Iko Iko > Mona. JamBase, 'Grateful Dead Legends Team For Bill Graham Tribute' (on this date 1991-10-27); JerryBase event 19911027-02.",manual,research-santana-onstage-2026-09-14
gd-1991-10-27-mona-2-6,person-gary-duncan,guest,guitar,"Gary Duncan (Quicksilver Messenger Service), his first Dead sit-in since 1972, alongside Carlos Santana. JamBase, 'Grateful Dead Legends Team For Bill Graham Tribute' (on this date 1991-10-27); JerryBase event 19911027-02.",manual,research-santana-onstage-2026-09-14
gd-1993-01-26-the-other-one-2-8,person-carlos-santana,guest,guitar,"Santana came out of Space and stayed for the rest of the set. JamBase, 'Carlos Santana Joins Grateful Dead In Oakland' (1993-01-26 account) and 'Bob Weir Guides Carlos Santana Through Stella Blue' (video); JerryBase event 19930126-02.",manual,research-santana-onstage-2026-09-14
gd-1993-01-26-stella-blue-2-9,person-carlos-santana,guest,guitar,"Santana did not know the song; video shows Bob Weir leaning in repeatedly to walk him through the changes. Tentative at first, he finds his footing by the end. The most-cited moment of his last sit-in with the band. JamBase, 'Carlos Santana Joins Grateful Dead In Oakland' (1993-01-26 account) and 'Bob Weir Guides Carlos Santana Through Stella Blue' (video); JerryBase event 19930126-02.",manual,research-santana-onstage-2026-09-14
gd-1993-01-26-turn-on-your-lovelight-2-10,person-carlos-santana,guest,guitar,"Set closer with Santana still onstage. JamBase, 'Carlos Santana Joins Grateful Dead In Oakland' (1993-01-26 account) and 'Bob Weir Guides Carlos Santana Through Stella Blue' (video); JerryBase event 19930126-02.",manual,research-santana-onstage-2026-09-14
gd-1993-01-26-gloria-3-1,person-carlos-santana,guest,guitar,"Encore with Santana; his last song onstage with the Grateful Dead. JamBase, 'Carlos Santana Joins Grateful Dead In Oakland' (1993-01-26 account) and 'Bob Weir Guides Carlos Santana Through Stella Blue' (video); JerryBase event 19930126-02.",manual,research-santana-onstage-2026-09-14
gd-1978-12-31-drums-2-6,person-ken-kesey,guest,percussion,"Kesey rolled out the Thunder Machine, Mickey Hart's clanging percussion sculpture, for the Winterland closing night. Wikipedia and LiveForLiveMusic; JerryBase's own instrument field says harmonica, likely a default rather than a per-show check.",manual,research-airto-kesey-2026-09-18
gd-1981-05-08-drums-2-5,person-ken-kesey,guest,harmonica,Kesey played harmonica during Drums at Nassau Coliseum. JerryGarcia.com show notes: w/ Ken Kesey on harmonica.,manual,research-airto-kesey-2026-09-18
gd-1983-08-31-drums-2-5,person-ken-kesey,guest,harmonica,"Kesey played harmonica standing behind the drum kit during Drums into Space at the Hult Center, Eugene, his home turf near the Springfield Creamery. Grateful Dead of the Day show notes.",manual,research-airto-kesey-2026-09-18
gd-1984-05-08-drums-2-5,person-ken-kesey,guest,percussion,Kesey brought the Thunder Machine back for Drums at the same Eugene hall. JerryGarcia.com show notes: w/ Ken Kesey and the Thunder Machine.,manual,research-airto-kesey-2026-09-18
gd-1991-10-31-dark-star-2-5,person-ken-kesey,guest,rap,"Six days after Bill Graham's death, Kesey walked out mid-Dark Star in a black suit and plumed hat and delivered a spoken eulogy over the jam, closing with e.e. cummings' Buffalo Bill poem before the band moved into Drums. Speakola (full transcript), Far Out Magazine, dead.net show comments.",manual,research-airto-kesey-2026-09-18
gd-1980-12-13-drums-2-4,person-airto-moreira,guest,drums,"Airto Moreira and Flora Purim sat in for Drums into Space at Long Beach; an attendee on dead.net called it, along with that night's Not Fade Away, mind blowing. Grateful Dead of the Day guest index; dead.net show comments.",manual,research-airto-kesey-2026-09-18
gd-1980-12-13-space-2-5,person-airto-moreira,guest,drums,Moreira continued into Space the same night. Grateful Dead of the Day guest index lists this show as Drums> Space.,manual,research-airto-kesey-2026-09-18
gd-1980-12-14-drums-2-6,person-airto-moreira,guest,drums,Moreira returned the next night at the same Long Beach run for Drums. Grateful Dead of the Day guest index.,manual,research-airto-kesey-2026-09-18
gd-1982-05-28-drums-1-7,person-airto-moreira,guest,drums,"Moreira sat in for Drums at this Vietnam Veterans benefit at Moscone Center, where he is also described as playing through the whole show alongside John Cipollina and Flora Purim; the songwide claim is not sourced per song, so only Drums is entered. Grateful Dead of the Day guest index; dead.net show page.",manual,research-airto-kesey-2026-09-18
gd-1983-05-15-drums-2-6,person-airto-moreira,guest,drums,Moreira sat in for Drums at the Greek Theatre. Grateful Dead of the Day guest index.,manual,research-airto-kesey-2026-09-18
gd-1983-10-31-drums-2-6,person-airto-moreira,guest,drums,Moreira joined for Drums on the Halloween 1983 show that also carried the last Saint Stephen ever played; no source ties him to Saint Stephen itself. Dead.net show page (with Airto Moreira - final 'St. Stephen').,manual,research-airto-kesey-2026-09-18
gd-1989-02-11-drums-2-8,person-airto-moreira,guest,drums,"Moreira joined for Drums at the Forum, alongside Flora Purim and Diana Moreira on vocals. Grateful Dead of the Day guest index; dead.net show page.",manual,research-airto-kesey-2026-09-18
gd-1989-12-30-sugaree-1-3,person-airto-moreira,guest,drums,Moreira sat in starting here and stayed audible on and off for the rest of the first set. Dead.net comment (Forrest George); Grateful Dead of the Day recording notes.,manual,research-airto-kesey-2026-09-18
gd-1989-12-30-walkin-blues-1-4,person-airto-moreira,guest,drums,Moreira continued through this song in the same first-set run. Dead.net comment (Forrest George); Grateful Dead of the Day recording notes.,manual,research-airto-kesey-2026-09-18
gd-1989-12-30-jack-a-roe-1-5,person-airto-moreira,guest,drums,Moreira continued through this song in the same first-set run. Dead.net comment (Forrest George); Grateful Dead of the Day recording notes.,manual,research-airto-kesey-2026-09-18
gd-1989-12-30-when-i-paint-my-masterpiece-1-6,person-airto-moreira,guest,drums,Moreira continued through this song in the same first-set run. Dead.net comment (Forrest George); Grateful Dead of the Day recording notes.,manual,research-airto-kesey-2026-09-18
gd-1989-12-30-west-l-a-fadeaway-1-7,person-airto-moreira,guest,drums,Moreira's first-set run closes here per the sourced range. Dead.net comment (Forrest George); Grateful Dead of the Day recording notes.,manual,research-airto-kesey-2026-09-18
gd-1989-12-30-the-music-never-stopped-1-8,person-airto-moreira,guest,drums,Moreira is also named on the first-set closer. Grateful Dead of the Day recording notes: sometimes audible and often not.,manual,research-airto-kesey-2026-09-18
gd-1989-12-30-china-cat-sunflower-2-2,person-airto-moreira,guest,drums,Moreira's second-set run opens here per the sourced range. Dead.net comment (Forrest George); Grateful Dead of the Day recording notes.,manual,research-airto-kesey-2026-09-18
gd-1989-12-30-i-know-you-rider-2-3,person-airto-moreira,guest,drums,Moreira continued through this song in the same second-set run. Grateful Dead of the Day recording notes: sometimes audible and often not.,manual,research-airto-kesey-2026-09-18
gd-1989-12-30-estimated-prophet-2-4,person-airto-moreira,guest,drums,Moreira continued through this song in the same second-set run. Grateful Dead of the Day recording notes: sometimes audible and often not.,manual,research-airto-kesey-2026-09-18
gd-1989-12-30-terrapin-station-2-5,person-airto-moreira,guest,drums,Moreira continued through this song in the same second-set run. Grateful Dead of the Day recording notes: sometimes audible and often not.,manual,research-airto-kesey-2026-09-18
gd-1989-12-30-drums-2-6,person-airto-moreira,guest,drums,Moreira played Drums itself in this same second-set run. Dead.net comment (Forrest George); Grateful Dead of the Day recording notes.,manual,research-airto-kesey-2026-09-18
gd-1989-12-30-space-2-7,person-airto-moreira,guest,drums,Moreira continued into Space in the same run. Grateful Dead of the Day recording notes: sometimes audible and often not.,manual,research-airto-kesey-2026-09-18
gd-1989-12-30-i-will-take-you-home-2-8,person-airto-moreira,guest,drums,Moreira continued through this song in the same second-set run. Grateful Dead of the Day recording notes: sometimes audible and often not.,manual,research-airto-kesey-2026-09-18
gd-1989-12-30-the-other-one-2-9,person-airto-moreira,guest,drums,Moreira continued through this song in the same second-set run. Grateful Dead of the Day recording notes: sometimes audible and often not.,manual,research-airto-kesey-2026-09-18
gd-1989-12-30-standing-on-the-moon-2-10,person-airto-moreira,guest,drums,Moreira continued through this song in the same second-set run. Grateful Dead of the Day recording notes: sometimes audible and often not.,manual,research-airto-kesey-2026-09-18
gd-1989-12-30-one-more-saturday-night-2-11,person-airto-moreira,guest,drums,Moreira's second-set run and the night close together here per the sourced range. Dead.net comment (Forrest George); Grateful Dead of the Day recording notes.,manual,research-airto-kesey-2026-09-18
gd-1989-12-31-victim-or-the-crime-2-2,person-airto-moreira,guest,drums,"Moreira joined the next night too, from Victim or the Crime through Drums. Grateful Dead of the Day guest index.",manual,research-airto-kesey-2026-09-18
gd-1989-12-31-dark-star-2-3,person-airto-moreira,guest,drums,Moreira continued into this rare Dark Star on New Year's Eve 1989. Grateful Dead of the Day guest index.,manual,research-airto-kesey-2026-09-18
gd-1989-12-31-drums-2-4,person-airto-moreira,guest,drums,Moreira's run from the previous two songs carries into Drums itself. Grateful Dead of the Day guest index.,manual,research-airto-kesey-2026-09-18
gd-1991-02-21-uncle-john-s-band-2-2,person-airto-moreira,guest,drums,"Moreira's longest single-night credit: he joined for Uncle John's Band through most of the rest of set two. Grateful Dead of the Day guest index, which names each song.",manual,research-airto-kesey-2026-09-18
gd-1991-02-21-terrapin-station-2-3,person-airto-moreira,guest,drums,Moreira continued through Terrapin Station in the same run. Grateful Dead of the Day guest index.,manual,research-airto-kesey-2026-09-18
gd-1991-02-21-drums-2-5,person-airto-moreira,guest,drums,Moreira played Drums itself in the same run. Grateful Dead of the Day guest index.,manual,research-airto-kesey-2026-09-18
gd-1991-02-21-eyes-of-the-world-2-7,person-airto-moreira,guest,drums,Moreira continued into Eyes of the World after Drums and Space. Grateful Dead of the Day guest index.,manual,research-airto-kesey-2026-09-18
gd-1991-02-21-throwing-stones-2-8,person-airto-moreira,guest,drums,Moreira continued through Throwing Stones in the same run. Grateful Dead of the Day guest index.,manual,research-airto-kesey-2026-09-18
gd-1991-02-21-not-fade-away-2-9,person-airto-moreira,guest,drums,Moreira's run closes with the set-two closer. Grateful Dead of the Day guest index.,manual,research-airto-kesey-2026-09-18
gd-1991-12-30-jam-2-6,person-airto-moreira,guest,drums,The tape tags this jam a Dear Prudence tease; Moreira is credited on drums and vocals through it into Drums. Grateful Dead of the Day recording notes: d3t02 and d3t03 with Airto Moreira on Drums and Vocals.,manual,research-airto-kesey-2026-09-18
gd-1991-12-30-drums-2-7,person-airto-moreira,guest,vocals,Moreira's drums-and-vocals credit continues into Drums itself. Grateful Dead of the Day recording notes.,manual,research-airto-kesey-2026-09-18
gd-1991-12-31-not-fade-away-2-1,person-airto-moreira,guest,drums,"Moreira is credited on this show's rare set-two-opening Not Fade Away. Grateful Dead of the Day guest index; the show's own dead.net page carries no further detail, so treat this credit as thinner than the others.",manual,research-airto-kesey-2026-09-18
gd-1993-12-09-drums-2-6,person-airto-moreira,guest,drums,"Moreira and Flora Purim sat in on Drums before Ornette Coleman took over for the rest of the show, per a dead.net attendee. Grateful Dead of the Day guest index; dead.net show comments.",manual,research-airto-kesey-2026-09-18
gd-1980-12-13-drums-2-4,person-flora-purim,guest,drums,Flora Purim joined Airto Moreira for Drums into Space at Long Beach. Grateful Dead of the Day guest index; dead.net show comments.,manual,research-airto-kesey-2026-09-18
gd-1980-12-13-space-2-5,person-flora-purim,guest,drums,Purim continued into Space the same night. Grateful Dead of the Day guest index lists this show as Drums> Space.,manual,research-airto-kesey-2026-09-18
gd-1980-12-14-drums-2-6,person-flora-purim,guest,drums,Purim returned the next night for Drums. Grateful Dead of the Day guest index.,manual,research-airto-kesey-2026-09-18
gd-1982-05-28-drums-1-7,person-flora-purim,guest,vocals,"Purim sat in for Drums at the Moscone Center Vietnam Veterans benefit, alongside Airto Moreira, John Cipollina and Boz Scaggs. Grateful Dead of the Day guest index; dead.net show page.",manual,research-airto-kesey-2026-09-18
gd-1983-05-15-drums-2-6,person-flora-purim,guest,drums,Purim sat in for Drums at the Greek Theatre with Moreira. Grateful Dead of the Day guest index.,manual,research-airto-kesey-2026-09-18
gd-1989-02-11-drums-2-8,person-flora-purim,guest,vocals,Purim sang during Drums at the Forum alongside Moreira and Diana Moreira. Grateful Dead of the Day guest index; dead.net show page.,manual,research-airto-kesey-2026-09-18
gd-1993-12-09-drums-2-6,person-flora-purim,guest,vocals,Purim sat in on Drums with Moreira before Ornette Coleman took the rest of the show. Grateful Dead of the Day guest index; dead.net show comments.,manual,research-airto-kesey-2026-09-18
gd-1986-07-02-little-red-rooster-1-4,person-bob-dylan,guest,guitar,"Dylan's live debut with the Grateful Dead, on the first of three songs he joined during set one after his own opening set with Tom Petty. Dead.net attendee: 'Dylan joining them for Little Red Rooster, Don't Think Twice and Baby Blue,' checked against handwritten notes; setlist.fm.",manual,research-bob-dylan-2026-09-18
gd-1986-07-02-don-t-think-twice-it-s-alright-1-5,person-bob-dylan,guest,vocals,"Dylan on lead vocals, the only time the Grateful Dead ever played this song, during his first sit-in at the Rubber Bowl. Setlist.fm; dead.net July 2 1986 show page attendee comment naming the same three-song set.",manual,research-bob-dylan-2026-09-18
gd-1986-07-02-it-s-all-over-now-baby-blue-1-6,person-bob-dylan,guest,vocals,Dylan and Garcia shared vocals to close his three-song sit-in. The same night's later Desolation Row is marked 'no Jerry' by an attendee and is not counted as a Dylan song here. Setlist.fm; dead.net show page comments.,manual,research-bob-dylan-2026-09-18
gd-1986-07-07-it-s-all-over-now-baby-blue-1-4,person-bob-dylan,guest,guitar,"Five days after Akron, Dylan sat in again at RFK Stadium. His guitar was not working at the start of the song and he finished it on a borrowed Bob Weir guitar. Setlist.fm; dead.net July 7 1986 show page attendee comment.",manual,research-bob-dylan-2026-09-18
gd-1986-07-07-desolation-row-1-5,person-bob-dylan,guest,vocals,"The two Bobs traded verses on this Dylan original, the second of two songs he sat in on at RFK Stadium. Setlist.fm; dead.net show page comment: 'the Desolation Row with the two Bobs trading lyrics.'",manual,research-bob-dylan-2026-09-18
gd-1989-02-12-iko-iko-2-1,person-bob-dylan,guest,guitar,"Dylan walked out to open the second set on this song, the start of a run some attendees believe he helped choose that night. JamBase, 'Bob Dylan, Spencer Davis & Kitaro Join Grateful Dead In 1989'; Grateful Dead of the Day, February 12 1989.",manual,research-bob-dylan-2026-09-18
gd-1989-02-12-monkey-and-the-engineer-2-2,person-bob-dylan,guest,guitar,"A bust-out with Dylan onstage, the song's first performance since 1981. Grateful Dead of the Day: 'some people who were there claim that Dylan was calling the setlist,' which would explain the choice. JamBase confirms the song and the gap.",manual,research-bob-dylan-2026-09-18
gd-1989-02-12-alabama-getaway-2-3,person-bob-dylan,guest,guitar,"Part of the pre-Drums stretch of the second set that JamBase and Grateful Dead of the Day both credit to Dylan, alongside Iko Iko, Monkey and the Engineer, Dire Wolf, Cassidy and Stuck Inside of Mobile.",manual,research-bob-dylan-2026-09-18
gd-1989-02-12-dire-wolf-2-4,person-bob-dylan,guest,guitar,"One of six second-set songs in a row with Dylan onstage before Drums. JamBase, 'Bob Dylan, Spencer Davis & Kitaro Join Grateful Dead In 1989'; Grateful Dead of the Day, February 12 1989.",manual,research-bob-dylan-2026-09-18
gd-1989-02-12-cassidy-2-5,person-bob-dylan,guest,guitar,"Dylan stayed on through this song's jam; a dead.net attendee wrote he 'clearly looked baffled during the jam in Cassidy,' finding structured songs easier than open jamming. Dead.net show page comment; JamBase.",manual,research-bob-dylan-2026-09-18
gd-1989-02-12-stuck-inside-of-mobile-with-the-memphis-blues-again-2-6,person-bob-dylan,guest,vocals,"The night's centerpiece: Weir sang Dylan's own song and stalled mid-verse, and Dylan finished the line himself. One attendee: 'Bobby kept trying to get Dylan to sing... he didn't want to' until Weir 'pretended to forget the lyrics.' JamBase; dead.net show page.",manual,research-bob-dylan-2026-09-18
gd-1989-02-12-not-fade-away-3-1,person-bob-dylan,guest,guitar,"Dylan came back out for the two-song encore after sitting out Drums, Space, The Other One, Stella Blue and Foolish Heart. Dead.net: he 'returned for both encore songs.' JamBase, 'Bob Dylan, Spencer Davis & Kitaro Join Grateful Dead In 1989.'",manual,research-bob-dylan-2026-09-18
gd-1989-02-12-knockin-on-heaven-s-door-3-2,person-bob-dylan,guest,guitar,Dylan's last song of the night. JamBase says he took the band through it; a dead.net commenter recalls Weir singing lead while Dylan 'let Bobby sing Heaven's Door.' Either way he stayed onstage to close the show.,manual,research-bob-dylan-2026-09-18
gd-1994-10-17-rainy-day-women-12-and-35-3-1,person-bob-dylan,guest,acoustic guitar,"The Grateful Dead's only performance of this song, and their first Dylan collaboration since the 1989 Forum sit-in. His microphone failed and Weir stopped playing mid-song to adjust the stand. JamBase, 'Bob Dylan Performs With Grateful Dead At Madison Square Garden On This Date In 1994'; dead.net show page comments.",manual,research-bob-dylan-2026-09-18
gd-1990-03-29-bird-song-1-6,person-branford-marsalis,guest,saxophone,"Phil Lesh invited Marsalis backstage and the band auditioned him on Bird Song before asking him to stay for the whole second set. JamBase, 'Watch Branford Marsalis Make Grateful Dead Debut At Nassau Coliseum.'",manual,research-branford-marsalis-2026-09-18
gd-1990-03-29-eyes-of-the-world-2-1,person-branford-marsalis,guest,saxophone,"Marsalis opened the second set he'd just been asked to stay for with Eyes of the World, later the opening track of the official release Wake Up to Find Out. Wikipedia, 'Wake Up to Find Out.'",manual,research-branford-marsalis-2026-09-18
gd-1990-03-29-estimated-prophet-2-2,person-branford-marsalis,guest,saxophone,"Marsalis continued through Estimated Prophet, the second set's second song. JamBase, 'Watch Branford Marsalis Make Grateful Dead Debut At Nassau Coliseum.'",manual,research-branford-marsalis-2026-09-18
gd-1990-03-29-dark-star-2-3,person-branford-marsalis,guest,saxophone,"Marsalis had never played Dark Star and asked the band 'What is it?' before the first of two takes that night. JamBase, 'Watch Branford Marsalis Make Grateful Dead Debut At Nassau Coliseum.'",manual,research-branford-marsalis-2026-09-18
gd-1990-03-29-dark-star-2-6,person-branford-marsalis,guest,saxophone,"This second Dark Star, after Drums and Space, drew fans who later called Marsalis's private number to thank him for reviving a song the Dead hadn't played in six months. JamBase, 'Watch Branford Marsalis Make Grateful Dead Debut At Nassau Coliseum.'",manual,research-branford-marsalis-2026-09-18
gd-1990-03-29-the-wheel-2-7,person-branford-marsalis,guest,saxophone,"Marsalis stayed on for The Wheel as the second set continued. JamBase, 'Watch Branford Marsalis Make Grateful Dead Debut At Nassau Coliseum.'",manual,research-branford-marsalis-2026-09-18
gd-1990-03-29-throwing-stones-2-8,person-branford-marsalis,guest,saxophone,"Marsalis played Throwing Stones ahead of the set-closing Lovelight. JamBase, 'Watch Branford Marsalis Make Grateful Dead Debut At Nassau Coliseum.'",manual,research-branford-marsalis-2026-09-18
gd-1990-03-29-turn-on-your-lovelight-2-9,person-branford-marsalis,guest,saxophone,"Marsalis closed the second set with Turn On Your Lovelight. JamBase, 'Watch Branford Marsalis Make Grateful Dead Debut At Nassau Coliseum.'",manual,research-branford-marsalis-2026-09-18
gd-1990-03-29-knockin-on-heaven-s-door-3-1,person-branford-marsalis,guest,saxophone,"Marsalis returned for the Knockin' On Heaven's Door encore, capping the night later released as Wake Up to Find Out. Wikipedia, 'Wake Up to Find Out.'",manual,research-branford-marsalis-2026-09-18
gd-1990-12-31-bird-song-1-7,person-branford-marsalis,guest,saxophone,"Marsalis returned for his second sit-in, joining late in the first set for Bird Song. Setlist.fm, Grateful Dead at Oakland-Alameda County Coliseum Arena, December 31, 1990.",manual,research-branford-marsalis-2026-09-18
gd-1990-12-31-promised-land-1-8,person-branford-marsalis,guest,saxophone,"Marsalis closed the first set with Promised Land. Setlist.fm, Grateful Dead at Oakland-Alameda County Coliseum Arena, December 31, 1990.",manual,research-branford-marsalis-2026-09-18
gd-1990-12-31-not-fade-away-2-1,person-branford-marsalis,guest,saxophone,"Marsalis opened the second set with Not Fade Away, one end of a bookend the Dead used only four times in their history. Branford Marsalis, 'Branford Marsalis's History With The Grateful Dead' (Live For Live Music, republished on branfordmarsalis.com).",manual,research-branford-marsalis-2026-09-18
gd-1990-12-31-eyes-of-the-world-2-2,person-branford-marsalis,guest,saxophone,"Marsalis played Eyes of the World, the second set's second song. Setlist.fm, Grateful Dead at Oakland-Alameda County Coliseum Arena, December 31, 1990.",manual,research-branford-marsalis-2026-09-18
gd-1990-12-31-dark-star-2-3,person-branford-marsalis,guest,saxophone,"Marsalis played Dark Star ahead of Drums, where percussionist Hamza El-Din joined separately. Setlist.fm, Grateful Dead at Oakland-Alameda County Coliseum Arena, December 31, 1990.",manual,research-branford-marsalis-2026-09-18
gd-1990-12-31-the-other-one-2-6,person-branford-marsalis,guest,saxophone,"Marsalis came back after Drums and Space for The Other One. Setlist.fm, Grateful Dead at Oakland-Alameda County Coliseum Arena, December 31, 1990.",manual,research-branford-marsalis-2026-09-18
gd-1990-12-31-wharf-rat-2-7,person-branford-marsalis,guest,saxophone,"Marsalis played Wharf Rat, which segued into the closing Not Fade Away reprise. Setlist.fm, Grateful Dead at Oakland-Alameda County Coliseum Arena, December 31, 1990.",manual,research-branford-marsalis-2026-09-18
gd-1990-12-31-not-fade-away-2-8,person-branford-marsalis,guest,saxophone,"Marsalis closed the second set with the Not Fade Away reprise, the other end of the bookend. Branford Marsalis, 'Branford Marsalis's History With The Grateful Dead' (Live For Live Music, republished on branfordmarsalis.com).",manual,research-branford-marsalis-2026-09-18
gd-1990-12-31-the-weight-3-1,person-branford-marsalis,guest,saxophone,"Marsalis played The Weight in the New Year's encore. Setlist.fm, Grateful Dead at Oakland-Alameda County Coliseum Arena, December 31, 1990.",manual,research-branford-marsalis-2026-09-18
gd-1990-12-31-johnny-b-goode-3-2,person-branford-marsalis,guest,saxophone,"Marsalis closed the New Year's Eve show with Johnny B. Goode. Setlist.fm, Grateful Dead at Oakland-Alameda County Coliseum Arena, December 31, 1990.",manual,research-branford-marsalis-2026-09-18
gd-1991-09-10-shakedown-street-1-1,person-branford-marsalis,guest,saxophone,"Marsalis opened his third sit-in with Shakedown Street as Phil Lesh played funk-style bass under him. JamBase, 'Branford Marsalis Guests With Grateful Dead At Madison Square Garden On This Date In 1991.'",manual,research-branford-marsalis-2026-09-18
gd-1991-09-10-c-c-rider-1-2,person-branford-marsalis,guest,saxophone,"Marsalis continued into C.C. Rider, the second song of a show JamBase says he augmented start to finish. JamBase, 'Branford Marsalis Guests With Grateful Dead At Madison Square Garden On This Date In 1991.'",manual,research-branford-marsalis-2026-09-18
gd-1991-09-10-it-takes-a-lot-to-laugh-it-takes-a-train-to-cry-1-3,person-branford-marsalis,guest,saxophone,"Marsalis played through It Takes A Lot To Laugh, It Takes A Train To Cry, part of the show he played start to finish. JamBase, 'Branford Marsalis Guests With Grateful Dead At Madison Square Garden On This Date In 1991.'",manual,research-branford-marsalis-2026-09-18
gd-1991-09-10-black-throated-wind-1-4,person-branford-marsalis,guest,saxophone,"Marsalis played through Black Throated Wind, part of the show he played start to finish. JamBase, 'Branford Marsalis Guests With Grateful Dead At Madison Square Garden On This Date In 1991.'",manual,research-branford-marsalis-2026-09-18
gd-1991-09-10-high-time-1-5,person-branford-marsalis,guest,saxophone,"Marsalis played through High Time, part of the show he played start to finish. JamBase, 'Branford Marsalis Guests With Grateful Dead At Madison Square Garden On This Date In 1991.'",manual,research-branford-marsalis-2026-09-18
gd-1991-09-10-cassidy-1-6,person-branford-marsalis,guest,saxophone,"Marsalis played through Cassidy, part of the show he played start to finish. JamBase, 'Branford Marsalis Guests With Grateful Dead At Madison Square Garden On This Date In 1991.'",manual,research-branford-marsalis-2026-09-18
gd-1991-09-10-deal-1-7,person-branford-marsalis,guest,saxophone,"Marsalis closed the first set with Deal. JamBase, 'Branford Marsalis Guests With Grateful Dead At Madison Square Garden On This Date In 1991.'",manual,research-branford-marsalis-2026-09-18
gd-1991-09-10-help-on-the-way-2-1,person-branford-marsalis,guest,saxophone,"Marsalis opened the second set with Help On The Way. JamBase, 'Branford Marsalis Guests With Grateful Dead At Madison Square Garden On This Date In 1991.'",manual,research-branford-marsalis-2026-09-18
gd-1991-09-10-slipknot-2-2,person-branford-marsalis,guest,saxophone,"Marsalis continued into Slipknot. JamBase, 'Branford Marsalis Guests With Grateful Dead At Madison Square Garden On This Date In 1991.'",manual,research-branford-marsalis-2026-09-18
gd-1991-09-10-franklin-s-tower-2-3,person-branford-marsalis,guest,saxophone,"Marsalis played Franklin's Tower, closing the Help On The Way suite. JamBase, 'Branford Marsalis Guests With Grateful Dead At Madison Square Garden On This Date In 1991.'",manual,research-branford-marsalis-2026-09-18
gd-1991-09-10-estimated-prophet-2-4,person-branford-marsalis,guest,saxophone,"Marsalis played Estimated Prophet ahead of the Dark Star pair. JamBase, 'Branford Marsalis Guests With Grateful Dead At Madison Square Garden On This Date In 1991.'",manual,research-branford-marsalis-2026-09-18
gd-1991-09-10-dark-star-2-5,person-branford-marsalis,guest,saxophone,"Marsalis contributed soprano and tenor saxophone across the night, including a widely cited turn on this Dark Star. JamBase, 'Branford Marsalis Guests With Grateful Dead At Madison Square Garden On This Date In 1991.'",manual,research-branford-marsalis-2026-09-18
gd-1991-09-10-space-2-7,person-branford-marsalis,guest,saxophone,"Marsalis played through Space, between the night's two Dark Stars. JamBase, 'Branford Marsalis Guests With Grateful Dead At Madison Square Garden On This Date In 1991.'",manual,research-branford-marsalis-2026-09-18
gd-1991-09-10-dark-star-2-8,person-branford-marsalis,guest,saxophone,"Marsalis played the second Dark Star of the night, closing out the Drums-Space sequence. JamBase, 'Branford Marsalis Guests With Grateful Dead At Madison Square Garden On This Date In 1991.'",manual,research-branford-marsalis-2026-09-18
gd-1991-09-10-space-2-9,person-branford-marsalis,guest,saxophone,"Marsalis played through this second Space before I Need A Miracle. JamBase, 'Branford Marsalis Guests With Grateful Dead At Madison Square Garden On This Date In 1991.'",manual,research-branford-marsalis-2026-09-18
gd-1991-09-10-i-need-a-miracle-2-10,person-branford-marsalis,guest,saxophone,"Marsalis played I Need A Miracle, part of the show he played start to finish. JamBase, 'Branford Marsalis Guests With Grateful Dead At Madison Square Garden On This Date In 1991.'",manual,research-branford-marsalis-2026-09-18
gd-1991-09-10-standing-on-the-moon-2-11,person-branford-marsalis,guest,saxophone,"Marsalis played Standing On The Moon, part of the show he played start to finish. JamBase, 'Branford Marsalis Guests With Grateful Dead At Madison Square Garden On This Date In 1991.'",manual,research-branford-marsalis-2026-09-18
gd-1991-09-10-turn-on-your-lovelight-2-12,person-branford-marsalis,guest,saxophone,"Marsalis closed the second set with Turn On Your Lovelight. JamBase, 'Branford Marsalis Guests With Grateful Dead At Madison Square Garden On This Date In 1991.'",manual,research-branford-marsalis-2026-09-18
gd-1991-09-10-it-s-all-over-now-baby-blue-3-1,person-branford-marsalis,guest,saxophone,"Marsalis closed the show he played start to finish with the It's All Over Now, Baby Blue encore. JamBase, 'Branford Marsalis Guests With Grateful Dead At Madison Square Garden On This Date In 1991.'",manual,research-branford-marsalis-2026-09-18
gd-1993-12-10-bertha-1-7,person-branford-marsalis,guest,saxophone,"Marsalis played Bertha, one of three songs Grateful Dead of the Day names for this sit-in. Grateful Dead of the Day, guest page for Branford Marsalis.",manual,research-branford-marsalis-2026-09-18
gd-1993-12-10-scarlet-begonias-2-1,person-branford-marsalis,guest,saxophone,"Marsalis opened the second set with Scarlet Begonias, heading into Fire on the Mountain. Grateful Dead of the Day, guest page for Branford Marsalis.",manual,research-branford-marsalis-2026-09-18
gd-1993-12-10-fire-on-the-mountain-2-2,person-branford-marsalis,guest,saxophone,"Marsalis continued through Fire on the Mountain. Grateful Dead of the Day, guest page for Branford Marsalis.",manual,research-branford-marsalis-2026-09-18
gd-1994-12-16-eyes-of-the-world-2-1,person-branford-marsalis,guest,saxophone,"Marsalis's fifth and final sit-in opened with Eyes of the World at the top of the second set. Setlist.fm, Grateful Dead at Los Angeles Sports Arena, December 16, 1994.",manual,research-branford-marsalis-2026-09-18
gd-1994-12-16-samba-in-the-rain-2-2,person-branford-marsalis,guest,saxophone,"Marsalis played Samba In The Rain, the second set's second song. Setlist.fm, Grateful Dead at Los Angeles Sports Arena, December 16, 1994.",manual,research-branford-marsalis-2026-09-18
gd-1994-12-16-estimated-prophet-2-3,person-branford-marsalis,guest,saxophone,"Marsalis played Estimated Prophet. Setlist.fm, Grateful Dead at Los Angeles Sports Arena, December 16, 1994.",manual,research-branford-marsalis-2026-09-18
gd-1994-12-16-hes-gone-2-4,person-branford-marsalis,guest,saxophone,"Marsalis played He's Gone ahead of Drums, which he sat out. Setlist.fm, Grateful Dead at Los Angeles Sports Arena, December 16, 1994.",manual,research-branford-marsalis-2026-09-18
gd-1994-12-16-space-2-6,person-branford-marsalis,guest,saxophone,"Marsalis returned after Drums for Space. Setlist.fm, Grateful Dead at Los Angeles Sports Arena, December 16, 1994.",manual,research-branford-marsalis-2026-09-18
gd-1994-12-16-the-other-one-2-7,person-branford-marsalis,guest,saxophone,"Marsalis played The Other One. Setlist.fm, Grateful Dead at Los Angeles Sports Arena, December 16, 1994.",manual,research-branford-marsalis-2026-09-18
gd-1994-12-16-wharf-rat-2-8,person-branford-marsalis,guest,saxophone,"Marsalis played Wharf Rat. Setlist.fm, Grateful Dead at Los Angeles Sports Arena, December 16, 1994.",manual,research-branford-marsalis-2026-09-18
gd-1994-12-16-good-lovin-2-9,person-branford-marsalis,guest,saxophone,"Marsalis closed the second set with Good Lovin' and did not return for the Lucy In The Sky With Diamonds encore, his last known appearance with the band. Setlist.fm, Grateful Dead at Los Angeles Sports Arena, December 16, 1994.",manual,research-branford-marsalis-2026-09-18
gd-1988-06-25-sugaree-1-4,person-bruce-hornsby,guest,accordion,Hornsby's first sit-in with the Dead came opening night of his own band's tour support slot on accordion for Sugaree. Grateful Dead of the Day: 06-25-1988 recording notes.,manual,research-bruce-hornsby-2026-09-18
gd-1988-06-25-stuck-inside-of-mobile-with-the-memphis-blues-again-1-5,person-bruce-hornsby,guest,accordion,"He stayed on for Stuck Inside of Mobile With the Memphis Blues Again, the second half of his Buckeye Lake debut. Glide Magazine: Bruce Hornsby at 65 calls the pairing his ""sublime"" first turn with the band.",manual,research-bruce-hornsby-2026-09-18
gd-1988-09-24-not-fade-away-2-11,person-bruce-hornsby,guest,accordion,At the Rainforest benefit Hornsby played accordion on Not Fade Away closing set two. Dead.net show page: September 24 1988.,manual,research-bruce-hornsby-2026-09-18
gd-1988-09-24-good-lovin-3-1,person-bruce-hornsby,guest,vocals,"He opened the encore on vocals and electric piano for Good Lovin', part of a night crowded with guests including Hall and Oates. Dead.net show page: September 24 1988.",manual,research-bruce-hornsby-2026-09-18
gd-1988-09-24-good-lovin-3-1,person-bruce-hornsby,guest,electric piano,"He opened the encore on vocals and electric piano for Good Lovin', part of a night crowded with guests including Hall and Oates. Dead.net show page: September 24 1988.",manual,research-bruce-hornsby-2026-09-18
gd-1988-09-24-knockin-on-heaven-s-door-3-2,person-bruce-hornsby,guest,accordion,He switched to accordion for the closing Knockin' On Heaven's Door. Dead.net show page: September 24 1988.,manual,research-bruce-hornsby-2026-09-18
gd-1989-07-12-sugaree-2-1,person-bruce-hornsby,guest,accordion,Back at RFK a year later he opened set two on accordion for Sugaree. Grateful Dead of the Day: 07-12-1989.,manual,research-bruce-hornsby-2026-09-18
gd-1989-07-12-man-smart-woman-smarter-2-2,person-bruce-hornsby,guest,keyboards,"He moved to keyboards alongside Brent Mydland for Man Smart (Woman Smarter); a dead.net commenter recalls ""Bruce kicked an awesome keys solo on that one.""",manual,research-bruce-hornsby-2026-09-18
gd-1989-07-13-tennessee-jed-1-4,person-bruce-hornsby,guest,accordion,"The next night he sat in on accordion for Tennessee Jed. Grateful Dead of the Day: 07-13-1989, corroborating a dead.net attendee's memory of the same pairing.",manual,research-bruce-hornsby-2026-09-18
gd-1989-07-13-stuck-inside-of-mobile-with-the-memphis-blues-again-1-5,person-bruce-hornsby,guest,accordion,"He closed his set with accordion on Stuck Inside of Mobile With the Memphis Blues Again, the same Dylan cover from his Buckeye Lake debut. Grateful Dead of the Day: 07-13-1989.",manual,research-bruce-hornsby-2026-09-18
gd-1989-12-10-sugaree-1-2,person-bruce-hornsby,guest,accordion,His busiest pre-membership night: accordion opened on Sugaree. Dead.net show page: December 10 1989.,manual,research-bruce-hornsby-2026-09-18
gd-1989-12-10-jack-straw-2-1,person-bruce-hornsby,guest,accordion,Accordion continued into set two on Jack Straw. Dead.net show page: December 10 1989.,manual,research-bruce-hornsby-2026-09-18
gd-1989-12-10-china-cat-sunflower-2-2,person-bruce-hornsby,guest,accordion,He carried the accordion through China Cat Sunflower. Dead.net show page: December 10 1989.,manual,research-bruce-hornsby-2026-09-18
gd-1989-12-10-i-know-you-rider-2-3,person-bruce-hornsby,guest,accordion,"And into I Know You Rider, closing his accordion run for the night. Dead.net show page: December 10 1989.",manual,research-bruce-hornsby-2026-09-18
gd-1989-12-10-c-c-rider-1-7,person-bruce-hornsby,guest,piano,He switched to keyboards behind guest Spencer Davis for C.C. Rider. Dead.net show page: December 10 1989.,manual,research-bruce-hornsby-2026-09-18
gd-1989-12-10-i-m-a-man-1-8,person-bruce-hornsby,guest,piano,He stayed on keyboards with Davis for I'm a Man. Dead.net show page: December 10 1989.,manual,research-bruce-hornsby-2026-09-18
gd-1989-12-10-man-smart-woman-smarter-2-4,person-bruce-hornsby,guest,piano,Back on piano for Man Smart (Woman Smarter). Dead.net show page: December 10 1989.,manual,research-bruce-hornsby-2026-09-18
gd-1989-12-10-good-lovin-2-10,person-bruce-hornsby,guest,piano,He closed the set on piano for Good Lovin'. Dead.net show page: December 10 1989.,manual,research-bruce-hornsby-2026-09-18
gd-1989-12-10-good-lovin-2-10,person-bruce-hornsby,guest,vocals,He also sang a verse on Good Lovin'; attendees on the Dead.net show page recall his mic being off at first. Dead.net show page: December 10 1989.,manual,research-bruce-hornsby-2026-09-18
gd-1990-07-10-jack-straw-1-1,person-bruce-hornsby,guest,accordion,"Sixteen days before Brent Mydland's death, Hornsby opened the show on accordion for Jack Straw. Jerrygarcia.com show page: July 10 1990 setlist credits.",manual,research-bruce-hornsby-2026-09-18
gd-1990-07-10-friend-of-the-devil-1-6,person-bruce-hornsby,guest,accordion,He stayed on accordion for Friend of the Devil. Jerrygarcia.com show page: July 10 1990 setlist credits.,manual,research-bruce-hornsby-2026-09-18
gd-1990-07-10-when-i-paint-my-masterpiece-1-7,person-bruce-hornsby,guest,accordion,"And for When I Paint My Masterpiece, played through a power failure later in the set. Jerrygarcia.com show page: July 10 1990 setlist credits.",manual,research-bruce-hornsby-2026-09-18
gd-1990-07-10-bird-song-1-8,person-bruce-hornsby,guest,accordion,"His accordion made ""beautiful interplay"" with Brent Mydland's keys on Bird Song, later featured in the Dead's All the Years Live video series. Liveforlivemusic.com: Grateful Dead Bird Song Carter-Finley 7-10-90.",manual,research-bruce-hornsby-2026-09-18
gd-1990-07-10-promised-land-1-9,person-bruce-hornsby,guest,accordion,"He closed set one on accordion for Promised Land, interrupted mid-song by a power failure. Jerrygarcia.com show page: July 10 1990 setlist credits.",manual,research-bruce-hornsby-2026-09-18
gd-1990-07-10-iko-iko-2-1,person-bruce-hornsby,guest,accordion,He opened set two on accordion for Iko Iko. Jerrygarcia.com show page: July 10 1990 setlist credits.,manual,research-bruce-hornsby-2026-09-18
gd-1990-07-10-playing-in-the-band-2-2,person-bruce-hornsby,guest,accordion,He continued on accordion into Playing In The Band. Jerrygarcia.com show page: July 10 1990 setlist credits.,manual,research-bruce-hornsby-2026-09-18
gd-1990-07-10-uncle-john-s-band-2-3,person-bruce-hornsby,guest,accordion,And through the Uncle John's Band that followed. Jerrygarcia.com show page: July 10 1990 setlist credits.,manual,research-bruce-hornsby-2026-09-18
gd-1990-07-10-playing-in-the-band-2-4,person-bruce-hornsby,guest,accordion,"His accordion carried into the Playing In The Band reprise jam before Drums, his last credited song of the night. Jerrygarcia.com show page: July 10 1990 setlist credits.",manual,research-bruce-hornsby-2026-09-18
gd-1994-03-25-the-weight-3-1,person-bruce-hornsby,guest,accordion,"On his first return with an all-accordion set, he closed the show with The Weight, a rare pairing of the instrument with The Band's song. Dead.net show page: March 25 1994 attendee commentary.",manual,research-bruce-hornsby-2026-09-18
gd-1994-03-25-the-weight-3-1,person-bruce-hornsby,guest,vocals,"He also sang a verse of The Weight, according to an attendee's recollection; treat the vocal credit as recollection rather than a fixed fact. Dead.net show page: March 25 1994 attendee commentary.",manual,research-bruce-hornsby-2026-09-18
gd-1988-12-31-wang-dang-doodle-1-3,person-clarence-clemons,guest,saxophone,"Clemons' first Grateful Dead sit-in, freshly unemployed after Bruce Springsteen sidelined the E Street Band and living nearby in Marin. setlist.fm setlist for the date; Live for Live Music, 'Watch The Grateful Dead Jam With Clarence Clemons On This Day In 1989.'",manual,research-clemons-miller-2026-09-18
gd-1988-12-31-west-l-a-fadeaway-1-4,person-clarence-clemons,guest,saxophone,"Clemons' first Grateful Dead sit-in, freshly unemployed after Bruce Springsteen sidelined the E Street Band and living nearby in Marin. setlist.fm setlist for the date; Live for Live Music, 'Watch The Grateful Dead Jam With Clarence Clemons On This Day In 1989.'",manual,research-clemons-miller-2026-09-18
gd-1988-12-31-sugar-magnolia-2-1,person-clarence-clemons,guest,saxophone,"Clemons' first Grateful Dead sit-in, freshly unemployed after Bruce Springsteen sidelined the E Street Band and living nearby in Marin. setlist.fm setlist for the date; Live for Live Music, 'Watch The Grateful Dead Jam With Clarence Clemons On This Day In 1989.'",manual,research-clemons-miller-2026-09-18
gd-1988-12-31-touch-of-grey-2-2,person-clarence-clemons,guest,saxophone,"Clemons' first Grateful Dead sit-in, freshly unemployed after Bruce Springsteen sidelined the E Street Band and living nearby in Marin. setlist.fm setlist for the date; Live for Live Music, 'Watch The Grateful Dead Jam With Clarence Clemons On This Day In 1989.'",manual,research-clemons-miller-2026-09-18
gd-1988-12-31-man-smart-woman-smarter-2-3,person-clarence-clemons,guest,saxophone,"Clemons' first Grateful Dead sit-in, freshly unemployed after Bruce Springsteen sidelined the E Street Band and living nearby in Marin. setlist.fm setlist for the date; Live for Live Music, 'Watch The Grateful Dead Jam With Clarence Clemons On This Day In 1989.'",manual,research-clemons-miller-2026-09-18
gd-1988-12-31-terrapin-station-2-4,person-clarence-clemons,guest,saxophone,"Clemons' first Grateful Dead sit-in, freshly unemployed after Bruce Springsteen sidelined the E Street Band and living nearby in Marin. setlist.fm setlist for the date; Live for Live Music, 'Watch The Grateful Dead Jam With Clarence Clemons On This Day In 1989.'",manual,research-clemons-miller-2026-09-18
gd-1988-12-31-goin-down-the-road-feelin-bad-3-2,person-clarence-clemons,guest,saxophone,"Clemons' first Grateful Dead sit-in, freshly unemployed after Bruce Springsteen sidelined the E Street Band and living nearby in Marin. setlist.fm setlist for the date; Live for Live Music, 'Watch The Grateful Dead Jam With Clarence Clemons On This Day In 1989.'",manual,research-clemons-miller-2026-09-18
gd-1988-12-31-one-more-saturday-night-3-3,person-clarence-clemons,guest,saxophone,"Clemons' first Grateful Dead sit-in, freshly unemployed after Bruce Springsteen sidelined the E Street Band and living nearby in Marin. setlist.fm setlist for the date; Live for Live Music, 'Watch The Grateful Dead Jam With Clarence Clemons On This Day In 1989.'",manual,research-clemons-miller-2026-09-18
gd-1989-05-27-bird-song-1-7,person-clarence-clemons,guest,saxophone,"The first time Clemons played in an actual Grateful Dead concert, at the In Concert Against AIDS benefit; JamBase says the Big Man 'contributes mightily' to a mighty fine Bird Song.",manual,research-clemons-miller-2026-09-18
gd-1989-05-27-fire-on-the-mountain-2-2,person-clarence-clemons,guest,saxophone,"Fire on the Mountain grew out of the Hell in a Bucket transition, Big Man fueling the flames, egged on by Garcia. JamBase, 'Watch Grateful Dead Perform Fire On The Mountain With Clarence Clemons At 1989 Oakland Benefit Concert.'",manual,research-clemons-miller-2026-09-18
gd-1989-05-27-iko-iko-1-5,person-clarence-clemons,guest,saxophone,"Clemons played saxophone on more than half the set at this AIDS benefit the Dead headlined, with John Fogerty, Tower of Power, Los Lobos, Tracy Chapman and Joe Satriani also on the bill. Albums That Should Exist, 'In Concert Against AIDS ... Part 4.'",manual,research-clemons-miller-2026-09-18
gd-1989-05-27-stuck-inside-of-mobile-with-the-memphis-blues-again-1-6,person-clarence-clemons,guest,saxophone,"Clemons played saxophone on more than half the set at this AIDS benefit the Dead headlined, with John Fogerty, Tower of Power, Los Lobos, Tracy Chapman and Joe Satriani also on the bill. Albums That Should Exist, 'In Concert Against AIDS ... Part 4.'",manual,research-clemons-miller-2026-09-18
gd-1989-05-27-promised-land-1-8,person-clarence-clemons,guest,saxophone,"Clemons played saxophone on more than half the set at this AIDS benefit the Dead headlined, with John Fogerty, Tower of Power, Los Lobos, Tracy Chapman and Joe Satriani also on the bill. Albums That Should Exist, 'In Concert Against AIDS ... Part 4.'",manual,research-clemons-miller-2026-09-18
gd-1989-05-27-hell-in-a-bucket-2-1,person-clarence-clemons,guest,saxophone,"Clemons played saxophone on more than half the set at this AIDS benefit the Dead headlined, with John Fogerty, Tower of Power, Los Lobos, Tracy Chapman and Joe Satriani also on the bill. Albums That Should Exist, 'In Concert Against AIDS ... Part 4.'",manual,research-clemons-miller-2026-09-18
gd-1989-05-27-blow-away-2-3,person-clarence-clemons,guest,saxophone,"Clemons played saxophone on more than half the set at this AIDS benefit the Dead headlined, with John Fogerty, Tower of Power, Los Lobos, Tracy Chapman and Joe Satriani also on the bill. Albums That Should Exist, 'In Concert Against AIDS ... Part 4.'",manual,research-clemons-miller-2026-09-18
gd-1989-05-27-truckin-2-4,person-clarence-clemons,guest,saxophone,"Clemons played saxophone on more than half the set at this AIDS benefit the Dead headlined, with John Fogerty, Tower of Power, Los Lobos, Tracy Chapman and Joe Satriani also on the bill. Albums That Should Exist, 'In Concert Against AIDS ... Part 4.'",manual,research-clemons-miller-2026-09-18
gd-1989-05-27-turn-on-your-lovelight-2-10,person-clarence-clemons,guest,saxophone,"Clemons played saxophone on more than half the set at this AIDS benefit the Dead headlined, with John Fogerty, Tower of Power, Los Lobos, Tracy Chapman and Joe Satriani also on the bill. Albums That Should Exist, 'In Concert Against AIDS ... Part 4.'",manual,research-clemons-miller-2026-09-18
gd-1989-05-27-brokedown-palace-3-1,person-clarence-clemons,guest,saxophone,"Clemons played saxophone on more than half the set at this AIDS benefit the Dead headlined, with John Fogerty, Tower of Power, Los Lobos, Tracy Chapman and Joe Satriani also on the bill. Albums That Should Exist, 'In Concert Against AIDS ... Part 4.'",manual,research-clemons-miller-2026-09-18
gd-1989-06-21-hell-in-a-bucket-2-2,person-clarence-clemons,guest,saxophone,"Clemons walked on for the Hell in a Bucket transition and stayed for the rest of the set except Drums and Space, at a Shoreline show broadcast live on pay-per-view. Glide Magazine, 'Clarence Clemons' Big Night With The Dead.'",manual,research-clemons-miller-2026-09-18
gd-1989-06-21-ship-of-fools-2-3,person-clarence-clemons,guest,saxophone,"Clemons walked on for the Hell in a Bucket transition and stayed for the rest of the set except Drums and Space, at a Shoreline show broadcast live on pay-per-view. Glide Magazine, 'Clarence Clemons' Big Night With The Dead.'",manual,research-clemons-miller-2026-09-18
gd-1989-06-21-estimated-prophet-2-4,person-clarence-clemons,guest,saxophone,"Clemons walked on for the Hell in a Bucket transition and stayed for the rest of the set except Drums and Space, at a Shoreline show broadcast live on pay-per-view. Glide Magazine, 'Clarence Clemons' Big Night With The Dead.'",manual,research-clemons-miller-2026-09-18
gd-1989-06-21-eyes-of-the-world-2-5,person-clarence-clemons,guest,saxophone,"Clemons walked on for the Hell in a Bucket transition and stayed for the rest of the set except Drums and Space, at a Shoreline show broadcast live on pay-per-view. Glide Magazine, 'Clarence Clemons' Big Night With The Dead.'",manual,research-clemons-miller-2026-09-18
gd-1989-06-21-truckin-2-8,person-clarence-clemons,guest,saxophone,"Clemons walked on for the Hell in a Bucket transition and stayed for the rest of the set except Drums and Space, at a Shoreline show broadcast live on pay-per-view. Glide Magazine, 'Clarence Clemons' Big Night With The Dead.'",manual,research-clemons-miller-2026-09-18
gd-1989-06-21-the-other-one-2-9,person-clarence-clemons,guest,saxophone,"Clemons walked on for the Hell in a Bucket transition and stayed for the rest of the set except Drums and Space, at a Shoreline show broadcast live on pay-per-view. Glide Magazine, 'Clarence Clemons' Big Night With The Dead.'",manual,research-clemons-miller-2026-09-18
gd-1989-06-21-morning-dew-2-10,person-clarence-clemons,guest,saxophone,"Clemons walked on for the Hell in a Bucket transition and stayed for the rest of the set except Drums and Space, at a Shoreline show broadcast live on pay-per-view. Glide Magazine, 'Clarence Clemons' Big Night With The Dead.'",manual,research-clemons-miller-2026-09-18
gd-1989-06-21-turn-on-your-lovelight-2-11,person-clarence-clemons,guest,saxophone,"Clemons walked on for the Hell in a Bucket transition and stayed for the rest of the set except Drums and Space, at a Shoreline show broadcast live on pay-per-view. Glide Magazine, 'Clarence Clemons' Big Night With The Dead.'",manual,research-clemons-miller-2026-09-18
gd-1989-12-06-ship-of-fools-2-3,person-clarence-clemons,guest,saxophone,"Clemons sat in on tenor from Ship of Fools through the encore at this Bay Area earthquake relief benefit, playing soft and restrained behind the three guitars and keys during Space. Grateful Dead of the Day, 12-06-1989; Albums That Should Exist, 'Earthquake Relief Benefit ... 12-6-1989.'",manual,research-clemons-miller-2026-09-18
gd-1989-12-06-terrapin-station-2-4,person-clarence-clemons,guest,saxophone,"Clemons sat in on tenor from Ship of Fools through the encore at this Bay Area earthquake relief benefit, playing soft and restrained behind the three guitars and keys during Space. Grateful Dead of the Day, 12-06-1989; Albums That Should Exist, 'Earthquake Relief Benefit ... 12-6-1989.'",manual,research-clemons-miller-2026-09-18
gd-1989-12-06-space-2-7,person-clarence-clemons,guest,saxophone,"Clemons sat in on tenor from Ship of Fools through the encore at this Bay Area earthquake relief benefit, playing soft and restrained behind the three guitars and keys during Space. Grateful Dead of the Day, 12-06-1989; Albums That Should Exist, 'Earthquake Relief Benefit ... 12-6-1989.'",manual,research-clemons-miller-2026-09-18
gd-1989-12-06-all-along-the-watchtower-2-9,person-clarence-clemons,guest,saxophone,"Clemons sat in on tenor from Ship of Fools through the encore at this Bay Area earthquake relief benefit, playing soft and restrained behind the three guitars and keys during Space. Grateful Dead of the Day, 12-06-1989; Albums That Should Exist, 'Earthquake Relief Benefit ... 12-6-1989.'",manual,research-clemons-miller-2026-09-18
gd-1989-12-06-standing-on-the-moon-2-10,person-clarence-clemons,guest,saxophone,"Clemons sat in on tenor from Ship of Fools through the encore at this Bay Area earthquake relief benefit, playing soft and restrained behind the three guitars and keys during Space. Grateful Dead of the Day, 12-06-1989; Albums That Should Exist, 'Earthquake Relief Benefit ... 12-6-1989.'",manual,research-clemons-miller-2026-09-18
gd-1989-12-06-sunshine-daydream-2-11,person-clarence-clemons,guest,saxophone,"Clemons sat in on tenor from Ship of Fools through the encore at this Bay Area earthquake relief benefit, playing soft and restrained behind the three guitars and keys during Space. Grateful Dead of the Day, 12-06-1989; Albums That Should Exist, 'Earthquake Relief Benefit ... 12-6-1989.'",manual,research-clemons-miller-2026-09-18
gd-1989-12-06-black-muddy-river-3-1,person-clarence-clemons,guest,saxophone,"Clemons sat in on tenor from Ship of Fools through the encore at this Bay Area earthquake relief benefit, playing soft and restrained behind the three guitars and keys during Space. Grateful Dead of the Day, 12-06-1989; Albums That Should Exist, 'Earthquake Relief Benefit ... 12-6-1989.'",manual,research-clemons-miller-2026-09-18
gd-1989-12-27-iko-iko-2-1,person-clarence-clemons,guest,saxophone,"Clemons' fifth and final Grateful Dead sit-in; backstage mushrooms left him, per David Browne's 'So Many Roads,' with a large, confused smile by the middle of the set. Live for Live Music, 'Watch The Grateful Dead Jam With Clarence Clemons On This Day In 1989.'",manual,research-clemons-miller-2026-09-18
gd-1989-12-27-playing-in-the-band-2-2,person-clarence-clemons,guest,saxophone,"Clemons' fifth and final Grateful Dead sit-in; backstage mushrooms left him, per David Browne's 'So Many Roads,' with a large, confused smile by the middle of the set. Live for Live Music, 'Watch The Grateful Dead Jam With Clarence Clemons On This Day In 1989.'",manual,research-clemons-miller-2026-09-18
gd-1989-12-27-the-wheel-2-7,person-clarence-clemons,guest,saxophone,"Clemons' fifth and final Grateful Dead sit-in; backstage mushrooms left him, per David Browne's 'So Many Roads,' with a large, confused smile by the middle of the set. Live for Live Music, 'Watch The Grateful Dead Jam With Clarence Clemons On This Day In 1989.'",manual,research-clemons-miller-2026-09-18
gd-1989-12-27-i-need-a-miracle-2-8,person-clarence-clemons,guest,saxophone,"Clemons' fifth and final Grateful Dead sit-in; backstage mushrooms left him, per David Browne's 'So Many Roads,' with a large, confused smile by the middle of the set. Live for Live Music, 'Watch The Grateful Dead Jam With Clarence Clemons On This Day In 1989.'",manual,research-clemons-miller-2026-09-18
gd-1992-05-31-spoonful-2-10,person-steve-miller,guest,guitar,"Miller's band opened the last of three Vegas shows on the summer tour, then he took the stage on guitar from Spoonful through the Who and Beatles covers that closed the night. Dead.net show page comments; Daily Dose of the Dead, May 31 1992 recap.",manual,research-clemons-miller-2026-09-18
gd-1992-05-31-the-other-one-2-11,person-steve-miller,guest,guitar,"Miller's band opened the last of three Vegas shows on the summer tour, then he took the stage on guitar from Spoonful through the Who and Beatles covers that closed the night. Dead.net show page comments; Daily Dose of the Dead, May 31 1992 recap.",manual,research-clemons-miller-2026-09-18
gd-1992-05-31-morning-dew-2-12,person-steve-miller,guest,guitar,"Miller's band opened the last of three Vegas shows on the summer tour, then he took the stage on guitar from Spoonful through the Who and Beatles covers that closed the night. Dead.net show page comments; Daily Dose of the Dead, May 31 1992 recap.",manual,research-clemons-miller-2026-09-18
gd-1992-05-31-baba-o-riley-3-1,person-steve-miller,guest,guitar,"Miller's band opened the last of three Vegas shows on the summer tour, then he took the stage on guitar from Spoonful through the Who and Beatles covers that closed the night. Dead.net show page comments; Daily Dose of the Dead, May 31 1992 recap.",manual,research-clemons-miller-2026-09-18
gd-1992-05-31-tomorrow-never-knows-3-2,person-steve-miller,guest,guitar,"Miller's band opened the last of three Vegas shows on the summer tour, then he took the stage on guitar from Spoonful through the Who and Beatles covers that closed the night. Dead.net show page comments; Daily Dose of the Dead, May 31 1992 recap.",manual,research-clemons-miller-2026-09-18
gd-1992-06-14-spoonful-2-7,person-steve-miller,guest,guitar,Miller came out for Spoonful and stayed on guitar through the encore at Giants Stadium; an attendee recalled him dedicating 'Take the Money and Run' to the Dead. setlist.fm setlist for the date; dead.net show page comments.,manual,research-clemons-miller-2026-09-18
gd-1992-06-14-the-other-one-2-8,person-steve-miller,guest,guitar,Miller came out for Spoonful and stayed on guitar through the encore at Giants Stadium; an attendee recalled him dedicating 'Take the Money and Run' to the Dead. setlist.fm setlist for the date; dead.net show page comments.,manual,research-clemons-miller-2026-09-18
gd-1992-06-14-baba-o-riley-3-1,person-steve-miller,guest,guitar,Miller came out for Spoonful and stayed on guitar through the encore at Giants Stadium; an attendee recalled him dedicating 'Take the Money and Run' to the Dead. setlist.fm setlist for the date; dead.net show page comments.,manual,research-clemons-miller-2026-09-18
gd-1992-06-14-tomorrow-never-knows-3-2,person-steve-miller,guest,guitar,Miller came out for Spoonful and stayed on guitar through the encore at Giants Stadium; an attendee recalled him dedicating 'Take the Money and Run' to the Dead. setlist.fm setlist for the date; dead.net show page comments.,manual,research-clemons-miller-2026-09-18
gd-1992-06-15-i-need-a-miracle-2-7,person-steve-miller,guest,guitar,Second of two Giants Stadium nights; Miller joined on guitar late in the second set and through the Knockin' On Heaven's Door encore. setlist.fm setlist for the date.,manual,research-clemons-miller-2026-09-18
gd-1992-06-15-standing-on-the-moon-2-8,person-steve-miller,guest,guitar,Second of two Giants Stadium nights; Miller joined on guitar late in the second set and through the Knockin' On Heaven's Door encore. setlist.fm setlist for the date.,manual,research-clemons-miller-2026-09-18
gd-1992-06-15-not-fade-away-2-10,person-steve-miller,guest,guitar,Second of two Giants Stadium nights; Miller joined on guitar late in the second set and through the Knockin' On Heaven's Door encore. setlist.fm setlist for the date.,manual,research-clemons-miller-2026-09-18
gd-1992-06-15-knockin-on-heaven-s-door-3-1,person-steve-miller,guest,guitar,Second of two Giants Stadium nights; Miller joined on guitar late in the second set and through the Knockin' On Heaven's Door encore. setlist.fm setlist for the date.,manual,research-clemons-miller-2026-09-18
gd-1992-06-20-baba-o-riley-3-1,person-steve-miller,guest,guitar,"Miller joined on guitar for the Baba O'Riley and Tomorrow Never Knows encore closing the RFK Stadium show, with Bruce Hornsby on accordion all night. setlist.fm setlist for the date; Grateful Dead of the Day, 06-20-1992.",manual,research-clemons-miller-2026-09-18
gd-1992-06-20-tomorrow-never-knows-3-2,person-steve-miller,guest,guitar,"Miller joined on guitar for the Baba O'Riley and Tomorrow Never Knows encore closing the RFK Stadium show, with Bruce Hornsby on accordion all night. setlist.fm setlist for the date; Grateful Dead of the Day, 06-20-1992.",manual,research-clemons-miller-2026-09-18
gd-1992-06-25-iko-iko-2-1,person-steve-miller,guest,guitar,"Miller joined on guitar for Iko Iko into Good Morning Little Schoolgirl, the Sonny Boy Williamson cover's first outing since 1987, through Watchtower, Lovelight and the Gloria encore, with harmonica player James Cotton alongside him. setlist.fm setlist for the date.",manual,research-clemons-miller-2026-09-18
gd-1992-06-25-good-morning-little-schoolgirl-2-2,person-steve-miller,guest,guitar,"Miller joined on guitar for Iko Iko into Good Morning Little Schoolgirl, the Sonny Boy Williamson cover's first outing since 1987, through Watchtower, Lovelight and the Gloria encore, with harmonica player James Cotton alongside him. setlist.fm setlist for the date.",manual,research-clemons-miller-2026-09-18
gd-1992-06-25-all-along-the-watchtower-2-10,person-steve-miller,guest,guitar,"Miller joined on guitar for Iko Iko into Good Morning Little Schoolgirl, the Sonny Boy Williamson cover's first outing since 1987, through Watchtower, Lovelight and the Gloria encore, with harmonica player James Cotton alongside him. setlist.fm setlist for the date.",manual,research-clemons-miller-2026-09-18
gd-1992-06-25-turn-on-your-lovelight-2-11,person-steve-miller,guest,guitar,"Miller joined on guitar for Iko Iko into Good Morning Little Schoolgirl, the Sonny Boy Williamson cover's first outing since 1987, through Watchtower, Lovelight and the Gloria encore, with harmonica player James Cotton alongside him. setlist.fm setlist for the date.",manual,research-clemons-miller-2026-09-18
gd-1992-06-25-gloria-3-1,person-steve-miller,guest,guitar,"Miller joined on guitar for Iko Iko into Good Morning Little Schoolgirl, the Sonny Boy Williamson cover's first outing since 1987, through Watchtower, Lovelight and the Gloria encore, with harmonica player James Cotton alongside him. setlist.fm setlist for the date.",manual,research-clemons-miller-2026-09-18
gd-1992-07-01-midnight-hour-2-2,person-steve-miller,guest,vocals,"Miller and harmonica player Norton Buffalo joined for Midnight Hour and West L.A. Fadeaway, the last time that song closed a second set; Miller later said in an interview he 'couldn't stand that band.' JamBase, 'Watch Grateful Dead Team With Steve Miller & Norton Buffalo...'; setlist.fm setlist for the date.",manual,research-clemons-miller-2026-09-18
gd-1992-07-01-midnight-hour-2-2,person-steve-miller,guest,guitar,"Miller and harmonica player Norton Buffalo joined for Midnight Hour and West L.A. Fadeaway, the last time that song closed a second set; Miller later said in an interview he 'couldn't stand that band.' JamBase, 'Watch Grateful Dead Team With Steve Miller & Norton Buffalo...'; setlist.fm setlist for the date.",manual,research-clemons-miller-2026-09-18
gd-1992-07-01-west-l-a-fadeaway-2-3,person-steve-miller,guest,vocals,"Miller and harmonica player Norton Buffalo joined for Midnight Hour and West L.A. Fadeaway, the last time that song closed a second set; Miller later said in an interview he 'couldn't stand that band.' JamBase, 'Watch Grateful Dead Team With Steve Miller & Norton Buffalo...'; setlist.fm setlist for the date.",manual,research-clemons-miller-2026-09-18
gd-1992-07-01-west-l-a-fadeaway-2-3,person-steve-miller,guest,guitar,"Miller and harmonica player Norton Buffalo joined for Midnight Hour and West L.A. Fadeaway, the last time that song closed a second set; Miller later said in an interview he 'couldn't stand that band.' JamBase, 'Watch Grateful Dead Team With Steve Miller & Norton Buffalo...'; setlist.fm setlist for the date.",manual,research-clemons-miller-2026-09-18
gd-1978-09-14-ollin-arageed-1-1,person-hamza-el-din,guest,oud,"El Din opened the first set with his own composition at the foot of the Great Pyramid, backed by the Nubian Youth Choir and students of his Abu Simbel school. Wikipedia, 'Rocking the Cradle: Egypt 1978.'",manual,research-hamza-el-din-2026-09-18
gd-1978-09-15-ollin-arageed-1-1,person-hamza-el-din,guest,oud,"Second Giza night; El Din again opened the first set with Ollin Arageed and the Nubian choir. Wikipedia, 'Rocking the Cradle: Egypt 1978.'",manual,research-hamza-el-din-2026-09-18
gd-1978-10-21-ollin-arageed-1-1,person-hamza-el-din,guest,oud,"El Din and the Nubian choir crossed the ocean for the Winterland 'homecoming' run, opening the first set the way they had at Giza. Grateful Dead of the Day, guest page for Hamza El Din.",manual,research-hamza-el-din-2026-09-18
gd-1978-10-22-ollin-arageed-1-1,person-hamza-el-din,guest,oud,"Second Winterland homecoming night, same set-one opener. Grateful Dead of the Day, guest page for Hamza El Din.",manual,research-hamza-el-din-2026-09-18
gd-1978-11-24-drums-2-6,person-hamza-el-din,guest,percussion,"El Din sat in for Drums into his own Ollin Arageed into Fire on the Mountain at the Capitol Theatre. Grateful Dead of the Day, guest page for Hamza El Din.",manual,research-hamza-el-din-2026-09-18
gd-1978-11-24-ollin-arageed-2-7,person-hamza-el-din,guest,oud,"Same Capitol Theatre sequence: Ollin Arageed led out of Drums and into Fire on the Mountain. Grateful Dead of the Day, guest page for Hamza El Din.",manual,research-hamza-el-din-2026-09-18
gd-1978-11-24-fire-on-the-mountain-2-8,person-hamza-el-din,guest,percussion,"El Din stayed on through Fire on the Mountain after leading Ollin Arageed out of Drums. Grateful Dead of the Day, guest page for Hamza El Din.",manual,research-hamza-el-din-2026-09-18
gd-1979-08-05-ollin-arageed-2-6,person-hamza-el-din,guest,oud,"El Din returned for Ollin Arageed out of Drums at the Oakland Auditorium. Grateful Dead of the Day, guest page for Hamza El Din.",manual,research-hamza-el-din-2026-09-18
gd-1985-03-13-drums-2-5,person-hamza-el-din,guest,percussion,"El Din sat in for Drums into Ollin Arageed and stayed through Man Smart, Woman Smarter at Berkeley Community Theater. Grateful Dead of the Day, guest page for Hamza El Din.",manual,research-hamza-el-din-2026-09-18
gd-1985-03-13-ollin-arageed-2-6,person-hamza-el-din,guest,oud,"Same Berkeley sequence: his own Ollin Arageed out of Drums. Grateful Dead of the Day, guest page for Hamza El Din.",manual,research-hamza-el-din-2026-09-18
gd-1985-03-13-man-smart-woman-smarter-2-8,person-hamza-el-din,guest,percussion,"El Din stayed on through Man Smart, Woman Smarter after Ollin Arageed and Space. Grateful Dead of the Day, guest page for Hamza El Din.",manual,research-hamza-el-din-2026-09-18
gd-1986-12-30-drums-2-7,person-hamza-el-din,guest,percussion,"El Din sat in for Drums into Ollin Arageed at Henry J. Kaiser Convention Center, on a bill that also brought out the Neville Brothers' rhythm section as guests. Grateful Dead of the Day, guest page for Hamza El Din.",manual,research-hamza-el-din-2026-09-18
gd-1988-03-17-drums-2-5,person-hamza-el-din,guest,percussion,"El Din sat in for Drums at Henry J. Kaiser Convention Center. Grateful Dead of the Day, guest page for Hamza El Din.",manual,research-hamza-el-din-2026-09-18
gd-1990-12-27-drums-2-5,person-hamza-el-din,guest,percussion,"El Din sat in for Drums at Oakland Coliseum Arena. Grateful Dead of the Day, guest page for Hamza El Din.",manual,research-hamza-el-din-2026-09-18
gd-1990-12-31-drums-2-4,person-hamza-el-din,guest,percussion,"El Din sat in for Drums on New Year's Eve at Oakland Coliseum Arena. Grateful Dead of the Day, guest page for Hamza El Din.",manual,research-hamza-el-din-2026-09-18
gd-1992-02-23-drums-2-6,person-hamza-el-din,guest,percussion,"An inspired Drums featuring El Din at Oakland Coliseum Arena, one of his last sit-ins with the band. Daily Dose Of The Dead, 'February 23, 1992.'",manual,research-hamza-el-din-2026-09-18
gd-1993-02-23-space-2-7,person-ornette-coleman,guest,saxophone,"Ornette Coleman and Prime Time opened the show, then Coleman stayed on for Space after his own set closed. JamBase, 'Throwback Thursday: Ornette Coleman Joins Grateful Dead'; setlist.fm setlist for February 23, 1993.",manual,research-jazz-horns-2026-09-18
gd-1993-02-23-the-other-one-2-8,person-ornette-coleman,guest,saxophone,"Coleman continued through The Other One, five years after inviting Garcia to record on his own Virgin Beauty. JamBase, 'Throwback Thursday: Ornette Coleman Joins Grateful Dead'; Wikipedia, 'Virgin Beauty.'",manual,research-jazz-horns-2026-09-18
gd-1993-02-23-stella-blue-2-9,person-ornette-coleman,guest,saxophone,"Coleman stayed for Stella Blue. Ultimate Classic Rock, 'The Night Ornette Coleman Joined the Grateful Dead'; JamBase, 'Throwback Thursday: Ornette Coleman Joins Grateful Dead.'",manual,research-jazz-horns-2026-09-18
gd-1993-02-23-turn-on-your-lovelight-2-10,person-ornette-coleman,guest,saxophone,"Coleman closed out the set on Turn On Your Lovelight, his first sit-in with the Dead. JamBase, 'Throwback Thursday: Ornette Coleman Joins Grateful Dead'; setlist.fm setlist for February 23, 1993.",manual,research-jazz-horns-2026-09-18
gd-1993-12-09-space-2-7,person-ornette-coleman,guest,saxophone,"Airto Moreira and Flora Purim sat in on Drums, then Coleman took over starting with Space, his second sit-in of 1993. Dead.net show-page comments for December 9, 1993; JamBase, 'Throwback Thursday: Ornette Coleman Joins Grateful Dead.'",manual,research-jazz-horns-2026-09-18
gd-1993-12-09-the-other-one-2-8,person-ornette-coleman,guest,saxophone,"Coleman continued through The Other One. JamBase, 'Throwback Thursday: Ornette Coleman Joins Grateful Dead'; setlist.fm setlist for December 9, 1993.",manual,research-jazz-horns-2026-09-18
gd-1993-12-09-wharf-rat-2-9,person-ornette-coleman,guest,saxophone,"Coleman stayed for Wharf Rat. JamBase, 'Throwback Thursday: Ornette Coleman Joins Grateful Dead'; setlist.fm setlist for December 9, 1993.",manual,research-jazz-horns-2026-09-18
gd-1993-12-09-turn-on-your-lovelight-2-10,person-ornette-coleman,guest,saxophone,"Coleman's last song onstage with the Grateful Dead. One dead.net commenter wrote only 'That counts!' about his appearance that night. JamBase, 'Throwback Thursday: Ornette Coleman Joins Grateful Dead'; dead.net show-page comments for December 9, 1993.",manual,research-jazz-horns-2026-09-18
gd-1993-09-22-bird-song-1-7,person-david-murray,guest,saxophone,"Murray stepped out to close the first set on Bird Song, cued live through an earpiece monitor system the band used that tour. Grateful Dead Hour no. 445; JamBase, 'David Murray Joins Grateful Dead At MSG In 1993.'",manual,research-jazz-horns-2026-09-18
gd-1993-09-22-easy-answers-2-1,person-david-murray,guest,saxophone,"Murray returned to open the second set on Easy Answers and stayed on through the rest of the night. JamBase, 'David Murray Joins Grateful Dead At MSG In 1993.'",manual,research-jazz-horns-2026-09-18
gd-1993-09-22-lazy-river-road-2-2,person-david-murray,guest,saxophone,"Murray continued on Lazy River Road. Grateful Dead of the Day guest index for David Murray; headyversion.com show page for September 22, 1993.",manual,research-jazz-horns-2026-09-18
gd-1993-09-22-estimated-prophet-2-3,person-david-murray,guest,saxophone,"Garcia and Vince Welnick traded runs back with Murray's own lines during Estimated Prophet. Grateful Dead of the Day, review of September 22, 1993.",manual,research-jazz-horns-2026-09-18
gd-1993-09-22-dark-star-2-4,person-david-murray,guest,saxophone,"Murray's run through this extended Dark Star stuck with him; three years later he recorded Dark Star: The Music of the Grateful Dead as a tribute to Garcia. Grateful Dead of the Day, review of September 22, 1993; Music Box Online review of the tribute album.",manual,research-jazz-horns-2026-09-18
gd-1993-09-22-space-2-6,person-david-murray,guest,saxophone,"Murray played through Space. headyversion.com show page for September 22, 1993.",manual,research-jazz-horns-2026-09-18
gd-1993-09-22-wharf-rat-2-7,person-david-murray,guest,saxophone,"Murray added another layer of texture to Wharf Rat. Grateful Dead of the Day, review of September 22, 1993.",manual,research-jazz-horns-2026-09-18
gd-1993-09-22-throwing-stones-2-8,person-david-murray,guest,saxophone,"Murray and blues harmonica player James Cotton, also a guest that night, played together on Throwing Stones. Grateful Dead of the Day guest index for David Murray; headyversion.com show page for September 22, 1993.",manual,research-jazz-horns-2026-09-18
gd-1993-09-22-turn-on-your-lovelight-2-9,person-david-murray,guest,saxophone,"Murray's last song of the night, closing a second set he played almost entirely. JamBase, 'David Murray Joins Grateful Dead At MSG In 1993'; Grateful Dead of the Day guest index for David Murray.",manual,research-jazz-horns-2026-09-18
gd-1995-02-26-estimated-prophet-2-5,person-david-murray,guest,saxophone,"Murray and Octofunk opened the show; Murray sat in with the Dead starting here in the second set, his second and last sit-in with the band. setlist.fm setlist for February 26, 1995; dead.net show page for February 26, 1995.",manual,research-jazz-horns-2026-09-18
gd-1995-02-26-eyes-of-the-world-2-6,person-david-murray,guest,saxophone,"Murray continued on Eyes of the World, joined by Sikiru Adepoju on talking drum. setlist.fm setlist for February 26, 1995.",manual,research-jazz-horns-2026-09-18
gd-1995-02-26-space-2-8,person-david-murray,guest,saxophone,"Murray played Space; one dead.net commenter called the saxophone 'the worst sax I have ever heard,' a dissent from the warmer reviews of his 1993 MSG sit-in. Dead.net show-page comments for February 26, 1995; setlist.fm setlist for February 26, 1995.",manual,research-jazz-horns-2026-09-18
gd-1995-02-26-the-days-between-2-10,person-david-murray,guest,saxophone,"Murray stayed on for The Days Between. setlist.fm setlist for February 26, 1995.",manual,research-jazz-horns-2026-09-18
gd-1995-02-26-not-fade-away-2-11,person-david-murray,guest,saxophone,"Murray closed the show on Not Fade Away. setlist.fm setlist for February 26, 1995.",manual,research-jazz-horns-2026-09-18
gd-1991-11-03-born-on-the-bayou-1-5,person-john-fogerty,guest,guitar,"John Fogerty sang and played his old Creedence Clearwater Revival songs with the Dead at the free Bill Graham memorial. setlist.fm, ""Bill Graham Memorial: Laughter, Love and Music 1991""; JamBase, ""Grateful Dead Legends Team For Bill Graham Tribute.""",manual,research-memorial-and-nye-2026-09-18
gd-1991-11-03-born-on-the-bayou-1-5,person-john-fogerty,guest,vocals,"John Fogerty sang and played his old Creedence Clearwater Revival songs with the Dead at the free Bill Graham memorial. setlist.fm, ""Bill Graham Memorial: Laughter, Love and Music 1991""; JamBase, ""Grateful Dead Legends Team For Bill Graham Tribute.""",manual,research-memorial-and-nye-2026-09-18
gd-1991-11-03-green-river-1-6,person-john-fogerty,guest,guitar,"John Fogerty sang and played his old Creedence Clearwater Revival songs with the Dead at the free Bill Graham memorial. setlist.fm, ""Bill Graham Memorial: Laughter, Love and Music 1991""; JamBase, ""Grateful Dead Legends Team For Bill Graham Tribute.""",manual,research-memorial-and-nye-2026-09-18
gd-1991-11-03-green-river-1-6,person-john-fogerty,guest,vocals,"John Fogerty sang and played his old Creedence Clearwater Revival songs with the Dead at the free Bill Graham memorial. setlist.fm, ""Bill Graham Memorial: Laughter, Love and Music 1991""; JamBase, ""Grateful Dead Legends Team For Bill Graham Tribute.""",manual,research-memorial-and-nye-2026-09-18
gd-1991-11-03-bad-moon-rising-1-7,person-john-fogerty,guest,guitar,"John Fogerty sang and played his old Creedence Clearwater Revival songs with the Dead at the free Bill Graham memorial. setlist.fm, ""Bill Graham Memorial: Laughter, Love and Music 1991""; JamBase, ""Grateful Dead Legends Team For Bill Graham Tribute.""",manual,research-memorial-and-nye-2026-09-18
gd-1991-11-03-bad-moon-rising-1-7,person-john-fogerty,guest,vocals,"John Fogerty sang and played his old Creedence Clearwater Revival songs with the Dead at the free Bill Graham memorial. setlist.fm, ""Bill Graham Memorial: Laughter, Love and Music 1991""; JamBase, ""Grateful Dead Legends Team For Bill Graham Tribute.""",manual,research-memorial-and-nye-2026-09-18
gd-1991-11-03-proud-mary-1-8,person-john-fogerty,guest,guitar,"John Fogerty sang and played his old Creedence Clearwater Revival songs with the Dead at the free Bill Graham memorial. setlist.fm, ""Bill Graham Memorial: Laughter, Love and Music 1991""; JamBase, ""Grateful Dead Legends Team For Bill Graham Tribute.""",manual,research-memorial-and-nye-2026-09-18
gd-1991-11-03-proud-mary-1-8,person-john-fogerty,guest,vocals,"John Fogerty sang and played his old Creedence Clearwater Revival songs with the Dead at the free Bill Graham memorial. setlist.fm, ""Bill Graham Memorial: Laughter, Love and Music 1991""; JamBase, ""Grateful Dead Legends Team For Bill Graham Tribute.""",manual,research-memorial-and-nye-2026-09-18
gd-1991-11-03-forever-young-2-1,person-neil-young,guest,guitar,"Neil Young joined for his own ""Forever Young"" in the encore, the only song sourced to him that day. setlist.fm; JamBase, ""Grateful Dead Legends Team For Bill Graham Tribute.""",manual,research-memorial-and-nye-2026-09-18
gd-1991-11-03-forever-young-2-1,person-neil-young,guest,vocals,"Neil Young joined for his own ""Forever Young"" in the encore, the only song sourced to him that day. setlist.fm; JamBase, ""Grateful Dead Legends Team For Bill Graham Tribute.""",manual,research-memorial-and-nye-2026-09-18
gd-1991-11-03-wang-dang-doodle-1-4,person-john-popper,guest,harmonica,"John Popper of Blues Traveler sat in on harmonica for this one song, the show's only non-CCR, non-Young sit-in. setlist.fm, ""Bill Graham Memorial: Laughter, Love and Music 1991.""",manual,research-memorial-and-nye-2026-09-18
gd-1982-12-30-hard-to-handle-3-1,person-etta-james,guest,vocals,"Etta James took the encore, backed by the Tower of Power horns, in the first Hard To Handle since Pigpen sang it in 1971. Grateful Dead of the Day, 12-30-1982: ""funk-filled with the horns just killing it.""",manual,research-memorial-and-nye-2026-09-18
gd-1982-12-30-tell-mama-3-2,person-etta-james,guest,vocals,"Etta James sang her own ""Tell Mama"" with the Tower of Power horns to close the show. Grateful Dead of the Day, 12-30-1982; jerrygarcia.com show page.",manual,research-memorial-and-nye-2026-09-18
gd-1982-12-30-hard-to-handle-3-1,person-emilio-castillo,guest,saxophone,"Tower of Power's horns backed Etta James on both encore songs. jerrygarcia.com show page: ""Hard To Handle*, Tell Mama* — *w/ Etta James & Tower of Power Horns.""",manual,research-memorial-and-nye-2026-09-18
gd-1982-12-30-hard-to-handle-3-1,person-greg-adams,guest,trumpet,"Tower of Power's horns backed Etta James on both encore songs. jerrygarcia.com show page: ""Hard To Handle*, Tell Mama* — *w/ Etta James & Tower of Power Horns.""",manual,research-memorial-and-nye-2026-09-18
gd-1982-12-30-hard-to-handle-3-1,person-marc-russo,guest,saxophone,"Tower of Power's horns backed Etta James on both encore songs. jerrygarcia.com show page: ""Hard To Handle*, Tell Mama* — *w/ Etta James & Tower of Power Horns.""",manual,research-memorial-and-nye-2026-09-18
gd-1982-12-30-hard-to-handle-3-1,person-stephen-kupka,guest,saxophone,"Tower of Power's horns backed Etta James on both encore songs. jerrygarcia.com show page: ""Hard To Handle*, Tell Mama* — *w/ Etta James & Tower of Power Horns.""",manual,research-memorial-and-nye-2026-09-18
gd-1982-12-30-tell-mama-3-2,person-emilio-castillo,guest,saxophone,"Tower of Power's horns backed Etta James on both encore songs. jerrygarcia.com show page: ""Hard To Handle*, Tell Mama* — *w/ Etta James & Tower of Power Horns.""",manual,research-memorial-and-nye-2026-09-18
gd-1982-12-30-tell-mama-3-2,person-greg-adams,guest,trumpet,"Tower of Power's horns backed Etta James on both encore songs. jerrygarcia.com show page: ""Hard To Handle*, Tell Mama* — *w/ Etta James & Tower of Power Horns.""",manual,research-memorial-and-nye-2026-09-18
gd-1982-12-30-tell-mama-3-2,person-marc-russo,guest,saxophone,"Tower of Power's horns backed Etta James on both encore songs. jerrygarcia.com show page: ""Hard To Handle*, Tell Mama* — *w/ Etta James & Tower of Power Horns.""",manual,research-memorial-and-nye-2026-09-18
gd-1982-12-30-tell-mama-3-2,person-stephen-kupka,guest,saxophone,"Tower of Power's horns backed Etta James on both encore songs. jerrygarcia.com show page: ""Hard To Handle*, Tell Mama* — *w/ Etta James & Tower of Power Horns.""",manual,research-memorial-and-nye-2026-09-18
gd-1982-12-31-turn-on-your-lovelight-3-1,person-etta-james,guest,vocals,"Etta James fronted the whole third set with the Tower of Power horns, a five-song run of soul and R&B standards closing 1982. Hooterollin' Around, ""Unknown Percussionist, 3rd Set: December 31, 1982""; setlist.fm.",manual,research-memorial-and-nye-2026-09-18
gd-1982-12-31-tell-mama-3-2,person-etta-james,guest,vocals,"Etta James fronted the whole third set with the Tower of Power horns, a five-song run of soul and R&B standards closing 1982. Hooterollin' Around, ""Unknown Percussionist, 3rd Set: December 31, 1982""; setlist.fm.",manual,research-memorial-and-nye-2026-09-18
gd-1982-12-31-baby-what-you-want-me-to-do-3-3,person-etta-james,guest,vocals,"Etta James fronted the whole third set with the Tower of Power horns, a five-song run of soul and R&B standards closing 1982. Hooterollin' Around, ""Unknown Percussionist, 3rd Set: December 31, 1982""; setlist.fm.",manual,research-memorial-and-nye-2026-09-18
gd-1982-12-31-hard-to-handle-3-4,person-etta-james,guest,vocals,"Etta James fronted the whole third set with the Tower of Power horns, a five-song run of soul and R&B standards closing 1982. Hooterollin' Around, ""Unknown Percussionist, 3rd Set: December 31, 1982""; setlist.fm.",manual,research-memorial-and-nye-2026-09-18
gd-1982-12-31-midnight-hour-3-5,person-etta-james,guest,vocals,"Etta James fronted the whole third set with the Tower of Power horns, a five-song run of soul and R&B standards closing 1982. Hooterollin' Around, ""Unknown Percussionist, 3rd Set: December 31, 1982""; setlist.fm.",manual,research-memorial-and-nye-2026-09-18
gd-1982-12-31-turn-on-your-lovelight-3-1,person-emilio-castillo,guest,saxophone,"The Tower of Power horns backed Etta James for all five songs of the third set. Hooterollin' Around, ""Unknown Percussionist, 3rd Set: December 31, 1982"": the horns ""performed five R&B songs"" that night.",manual,research-memorial-and-nye-2026-09-18
gd-1982-12-31-turn-on-your-lovelight-3-1,person-greg-adams,guest,trumpet,"The Tower of Power horns backed Etta James for all five songs of the third set. Hooterollin' Around, ""Unknown Percussionist, 3rd Set: December 31, 1982"": the horns ""performed five R&B songs"" that night.",manual,research-memorial-and-nye-2026-09-18
gd-1982-12-31-turn-on-your-lovelight-3-1,person-marc-russo,guest,saxophone,"The Tower of Power horns backed Etta James for all five songs of the third set. Hooterollin' Around, ""Unknown Percussionist, 3rd Set: December 31, 1982"": the horns ""performed five R&B songs"" that night.",manual,research-memorial-and-nye-2026-09-18
gd-1982-12-31-turn-on-your-lovelight-3-1,person-stephen-kupka,guest,saxophone,"The Tower of Power horns backed Etta James for all five songs of the third set. Hooterollin' Around, ""Unknown Percussionist, 3rd Set: December 31, 1982"": the horns ""performed five R&B songs"" that night.",manual,research-memorial-and-nye-2026-09-18
gd-1982-12-31-turn-on-your-lovelight-3-1,person-mic-gillette,guest,trumpet,"The Tower of Power horns backed Etta James for all five songs of the third set. Hooterollin' Around, ""Unknown Percussionist, 3rd Set: December 31, 1982"": the horns ""performed five R&B songs"" that night.",manual,research-memorial-and-nye-2026-09-18
gd-1982-12-31-tell-mama-3-2,person-emilio-castillo,guest,saxophone,"The Tower of Power horns backed Etta James for all five songs of the third set. Hooterollin' Around, ""Unknown Percussionist, 3rd Set: December 31, 1982"": the horns ""performed five R&B songs"" that night.",manual,research-memorial-and-nye-2026-09-18
gd-1982-12-31-tell-mama-3-2,person-greg-adams,guest,trumpet,"The Tower of Power horns backed Etta James for all five songs of the third set. Hooterollin' Around, ""Unknown Percussionist, 3rd Set: December 31, 1982"": the horns ""performed five R&B songs"" that night.",manual,research-memorial-and-nye-2026-09-18
gd-1982-12-31-tell-mama-3-2,person-marc-russo,guest,saxophone,"The Tower of Power horns backed Etta James for all five songs of the third set. Hooterollin' Around, ""Unknown Percussionist, 3rd Set: December 31, 1982"": the horns ""performed five R&B songs"" that night.",manual,research-memorial-and-nye-2026-09-18
gd-1982-12-31-tell-mama-3-2,person-stephen-kupka,guest,saxophone,"The Tower of Power horns backed Etta James for all five songs of the third set. Hooterollin' Around, ""Unknown Percussionist, 3rd Set: December 31, 1982"": the horns ""performed five R&B songs"" that night.",manual,research-memorial-and-nye-2026-09-18
gd-1982-12-31-tell-mama-3-2,person-mic-gillette,guest,trumpet,"The Tower of Power horns backed Etta James for all five songs of the third set. Hooterollin' Around, ""Unknown Percussionist, 3rd Set: December 31, 1982"": the horns ""performed five R&B songs"" that night.",manual,research-memorial-and-nye-2026-09-18
gd-1982-12-31-baby-what-you-want-me-to-do-3-3,person-emilio-castillo,guest,saxophone,"The Tower of Power horns backed Etta James for all five songs of the third set. Hooterollin' Around, ""Unknown Percussionist, 3rd Set: December 31, 1982"": the horns ""performed five R&B songs"" that night.",manual,research-memorial-and-nye-2026-09-18
gd-1982-12-31-baby-what-you-want-me-to-do-3-3,person-greg-adams,guest,trumpet,"The Tower of Power horns backed Etta James for all five songs of the third set. Hooterollin' Around, ""Unknown Percussionist, 3rd Set: December 31, 1982"": the horns ""performed five R&B songs"" that night.",manual,research-memorial-and-nye-2026-09-18
gd-1982-12-31-baby-what-you-want-me-to-do-3-3,person-marc-russo,guest,saxophone,"The Tower of Power horns backed Etta James for all five songs of the third set. Hooterollin' Around, ""Unknown Percussionist, 3rd Set: December 31, 1982"": the horns ""performed five R&B songs"" that night.",manual,research-memorial-and-nye-2026-09-18
gd-1982-12-31-baby-what-you-want-me-to-do-3-3,person-stephen-kupka,guest,saxophone,"The Tower of Power horns backed Etta James for all five songs of the third set. Hooterollin' Around, ""Unknown Percussionist, 3rd Set: December 31, 1982"": the horns ""performed five R&B songs"" that night.",manual,research-memorial-and-nye-2026-09-18
gd-1982-12-31-baby-what-you-want-me-to-do-3-3,person-mic-gillette,guest,trumpet,"The Tower of Power horns backed Etta James for all five songs of the third set. Hooterollin' Around, ""Unknown Percussionist, 3rd Set: December 31, 1982"": the horns ""performed five R&B songs"" that night.",manual,research-memorial-and-nye-2026-09-18
gd-1982-12-31-hard-to-handle-3-4,person-emilio-castillo,guest,saxophone,"The Tower of Power horns backed Etta James for all five songs of the third set. Hooterollin' Around, ""Unknown Percussionist, 3rd Set: December 31, 1982"": the horns ""performed five R&B songs"" that night.",manual,research-memorial-and-nye-2026-09-18
gd-1982-12-31-hard-to-handle-3-4,person-greg-adams,guest,trumpet,"The Tower of Power horns backed Etta James for all five songs of the third set. Hooterollin' Around, ""Unknown Percussionist, 3rd Set: December 31, 1982"": the horns ""performed five R&B songs"" that night.",manual,research-memorial-and-nye-2026-09-18
gd-1982-12-31-hard-to-handle-3-4,person-marc-russo,guest,saxophone,"The Tower of Power horns backed Etta James for all five songs of the third set. Hooterollin' Around, ""Unknown Percussionist, 3rd Set: December 31, 1982"": the horns ""performed five R&B songs"" that night.",manual,research-memorial-and-nye-2026-09-18
gd-1982-12-31-hard-to-handle-3-4,person-stephen-kupka,guest,saxophone,"The Tower of Power horns backed Etta James for all five songs of the third set. Hooterollin' Around, ""Unknown Percussionist, 3rd Set: December 31, 1982"": the horns ""performed five R&B songs"" that night.",manual,research-memorial-and-nye-2026-09-18
gd-1982-12-31-hard-to-handle-3-4,person-mic-gillette,guest,trumpet,"The Tower of Power horns backed Etta James for all five songs of the third set. Hooterollin' Around, ""Unknown Percussionist, 3rd Set: December 31, 1982"": the horns ""performed five R&B songs"" that night.",manual,research-memorial-and-nye-2026-09-18
gd-1982-12-31-midnight-hour-3-5,person-emilio-castillo,guest,saxophone,"The Tower of Power horns backed Etta James for all five songs of the third set. Hooterollin' Around, ""Unknown Percussionist, 3rd Set: December 31, 1982"": the horns ""performed five R&B songs"" that night.",manual,research-memorial-and-nye-2026-09-18
gd-1982-12-31-midnight-hour-3-5,person-greg-adams,guest,trumpet,"The Tower of Power horns backed Etta James for all five songs of the third set. Hooterollin' Around, ""Unknown Percussionist, 3rd Set: December 31, 1982"": the horns ""performed five R&B songs"" that night.",manual,research-memorial-and-nye-2026-09-18
gd-1982-12-31-midnight-hour-3-5,person-marc-russo,guest,saxophone,"The Tower of Power horns backed Etta James for all five songs of the third set. Hooterollin' Around, ""Unknown Percussionist, 3rd Set: December 31, 1982"": the horns ""performed five R&B songs"" that night.",manual,research-memorial-and-nye-2026-09-18
gd-1982-12-31-midnight-hour-3-5,person-stephen-kupka,guest,saxophone,"The Tower of Power horns backed Etta James for all five songs of the third set. Hooterollin' Around, ""Unknown Percussionist, 3rd Set: December 31, 1982"": the horns ""performed five R&B songs"" that night.",manual,research-memorial-and-nye-2026-09-18
gd-1982-12-31-midnight-hour-3-5,person-mic-gillette,guest,trumpet,"The Tower of Power horns backed Etta James for all five songs of the third set. Hooterollin' Around, ""Unknown Percussionist, 3rd Set: December 31, 1982"": the horns ""performed five R&B songs"" that night.",manual,research-memorial-and-nye-2026-09-18
gd-1982-12-31-not-fade-away-2-8,person-john-cipollina,guest,guitar,"John Cipollina (Quicksilver Messenger Service) joined for the back half of the second set. setlist.fm: Not Fade Away, Deal and Sunshine Daydream footnoted to him.",manual,research-memorial-and-nye-2026-09-18
gd-1982-12-31-deal-2-9,person-john-cipollina,guest,guitar,"John Cipollina (Quicksilver Messenger Service) joined for the back half of the second set. setlist.fm: Not Fade Away, Deal and Sunshine Daydream footnoted to him.",manual,research-memorial-and-nye-2026-09-18
gd-1982-12-31-sunshine-daydream-2-10,person-john-cipollina,guest,guitar,"John Cipollina (Quicksilver Messenger Service) joined for the back half of the second set. setlist.fm: Not Fade Away, Deal and Sunshine Daydream footnoted to him.",manual,research-memorial-and-nye-2026-09-18
gd-1982-12-31-c-c-rider-1-2,person-matthew-kelly,guest,harmonica,Matthew Kelly sat in on harmonica for one first-set song. setlist.fm footnotes C.C. Rider to him alone that night.,manual,research-memorial-and-nye-2026-09-18
gd-1981-12-12-it-s-all-over-now-baby-blue-2-1,person-joan-baez,guest,acoustic guitar,"Joan Baez closed the night's encore with the Dead behind her; the acoustic set where she sang eleven songs at this Dance for Disarmament benefit is missing from the catalog's setlist entirely (see data note). setlist.fm, Fiesta Hall Dec 12 1981; Lost Live Dead, ""December 12, 1981 Fiesta Hall.""",manual,research-memorial-and-nye-2026-09-18
gd-1981-12-12-it-s-all-over-now-baby-blue-2-1,person-joan-baez,guest,vocals,"Joan Baez closed the night's encore with the Dead behind her; the acoustic set where she sang eleven songs at this Dance for Disarmament benefit is missing from the catalog's setlist entirely (see data note). setlist.fm, Fiesta Hall Dec 12 1981; Lost Live Dead, ""December 12, 1981 Fiesta Hall.""",manual,research-memorial-and-nye-2026-09-18
gd-1981-12-31-it-must-have-been-the-roses-1-6,person-joan-baez,guest,vocals,"Joan Baez sang harmony on this song in the second set. setlist.fm footnotes ""It Must Have Been The Roses"" to her.",manual,research-memorial-and-nye-2026-09-18
gd-1981-12-31-it-s-all-over-now-baby-blue-3-4,person-joan-baez,guest,vocals,"Baez returned for the final encore, as she had two and a half weeks earlier at the Fiesta Hall benefit. setlist.fm footnotes the closing ""It's All Over Now, Baby Blue"" to her.",manual,research-memorial-and-nye-2026-09-18
gd-1981-12-31-c-c-rider-1-5,person-matthew-kelly,guest,harmonica,"Matthew Kelly sat in on harmonica through four songs spanning the first two sets. setlist.fm footnotes C.C. Rider, Big Boss Man, Minglewood Blues and Iko Iko to him.",manual,research-memorial-and-nye-2026-09-18
gd-1981-12-31-big-boss-man-1-8,person-matthew-kelly,guest,harmonica,"Matthew Kelly sat in on harmonica through four songs spanning the first two sets. setlist.fm footnotes C.C. Rider, Big Boss Man, Minglewood Blues and Iko Iko to him.",manual,research-memorial-and-nye-2026-09-18
gd-1981-12-31-minglewood-blues-1-9,person-matthew-kelly,guest,harmonica,"Matthew Kelly sat in on harmonica through four songs spanning the first two sets. setlist.fm footnotes C.C. Rider, Big Boss Man, Minglewood Blues and Iko Iko to him.",manual,research-memorial-and-nye-2026-09-18
gd-1981-12-31-iko-iko-2-1,person-matthew-kelly,guest,harmonica,"Matthew Kelly sat in on harmonica through four songs spanning the first two sets. setlist.fm footnotes C.C. Rider, Big Boss Man, Minglewood Blues and Iko Iko to him.",manual,research-memorial-and-nye-2026-09-18
gd-1981-12-31-the-other-one-2-7,person-john-cipollina,guest,guitar,"John Cipollina joined for a three-song run bridging Drums/Space back into the set. setlist.fm footnotes The Other One, Not Fade Away and Goin' Down The Road Feelin' Bad to him.",manual,research-memorial-and-nye-2026-09-18
gd-1981-12-31-not-fade-away-2-8,person-john-cipollina,guest,guitar,"John Cipollina joined for a three-song run bridging Drums/Space back into the set. setlist.fm footnotes The Other One, Not Fade Away and Goin' Down The Road Feelin' Bad to him.",manual,research-memorial-and-nye-2026-09-18
gd-1981-12-31-goin-down-the-road-feelin-bad-2-9,person-john-cipollina,guest,guitar,"John Cipollina joined for a three-song run bridging Drums/Space back into the set. setlist.fm footnotes The Other One, Not Fade Away and Goin' Down The Road Feelin' Bad to him.",manual,research-memorial-and-nye-2026-09-18
gd-1980-01-13-bridging-the-gap-2-2,person-joan-baez,guest,vocals,"After the Dead closed with U.S. Blues, Baez brought every performer from the Cambodian refugee benefit back out to sing her own ""Bridging The Gap"" together, which is what that catalog performance slot is. Lost Live Dead, ""January 13, 1980 Oakland Coliseum Arena.""",manual,research-memorial-and-nye-2026-09-18
