release_id,person_id,role,instrument,notes
release-17-pine-avenue,person-david-nelson,performer,guitar,MusicBrainz artist relation (instrument) on 1 credit for release feb9cb7f-cf75-4bcc-a0bd-29ccadac931f; studio release-group pass.
release-ace,person-bill-kreutzmann,performer,drums (drum set),MusicBrainz artist relation (instrument) on 1 credit for release 620e340d-fdd1-430b-be0a-08df19bc4ac5; studio release-group pass.
release-ace,person-bob-weir,performer,acoustic guitar,MusicBrainz artist relation (instrument) on 1 credit for release 620e340d-fdd1-430b-be0a-08df19bc4ac5; studio release-group pass.
release-ace,person-bob-weir,performer,electric guitar,MusicBrainz artist relation (instrument) on 1 credit for release 620e340d-fdd1-430b-be0a-08df19bc4ac5; studio release-group pass.
release-ace,person-david-torbert,performer,electric bass guitar,MusicBrainz artist relation (instrument) on 1 credit for release 620e340d-fdd1-430b-be0a-08df19bc4ac5; studio release-group pass.
release-ace,person-donna-jean-godchaux,performer,background vocals,MusicBrainz artist relation (vocal) on 1 credit for release 620e340d-fdd1-430b-be0a-08df19bc4ac5; studio release-group pass.
release-ace,person-jerry-garcia,performer,electric guitar,MusicBrainz artist relation (instrument) on 1 credit for release 620e340d-fdd1-430b-be0a-08df19bc4ac5; studio release-group pass.
release-ace,person-jerry-garcia,performer,pedal steel guitar,MusicBrainz artist relation (instrument) on 1 credit for release 620e340d-fdd1-430b-be0a-08df19bc4ac5; studio release-group pass.
release-ace,person-keith-godchaux,performer,piano,MusicBrainz artist relation (instrument) on 1 credit for release 620e340d-fdd1-430b-be0a-08df19bc4ac5; studio release-group pass.
release-ace,person-phil-lesh,performer,background vocals,MusicBrainz artist relation (vocal) on 1 credit for release 620e340d-fdd1-430b-be0a-08df19bc4ac5; studio release-group pass.
release-ace,person-phil-lesh,performer,electric bass guitar,MusicBrainz artist relation (instrument) on 1 credit for release 620e340d-fdd1-430b-be0a-08df19bc4ac5; studio release-group pass.
release-american-beauty,person-bill-kreutzmann,performer,drums (drum set),MusicBrainz artist relation (instrument) on 9 credits for release 890b13c3-9422-4d78-b5a9-62451f43ebba; studio release-group pass.
release-american-beauty,person-bob-weir,performer,guitar,MusicBrainz artist relation (instrument) on 9 credits for release 890b13c3-9422-4d78-b5a9-62451f43ebba; studio release-group pass.
release-american-beauty,person-david-grisman,performer,guest,MusicBrainz artist relation (instrument) on 1 credit for release 890b13c3-9422-4d78-b5a9-62451f43ebba; studio release-group pass.
release-american-beauty,person-david-grisman,performer,mandolin,MusicBrainz artist relation (instrument) on 2 credits for release 890b13c3-9422-4d78-b5a9-62451f43ebba; studio release-group pass.
release-american-beauty,person-david-nelson,performer,electric guitar,MusicBrainz artist relation (instrument) on 1 credit for release 890b13c3-9422-4d78-b5a9-62451f43ebba; studio release-group pass.
release-american-beauty,person-david-nelson,performer,guest,MusicBrainz artist relation (instrument) on 1 credit for release 890b13c3-9422-4d78-b5a9-62451f43ebba; studio release-group pass.
release-american-beauty,person-david-torbert,performer,electric bass guitar,MusicBrainz artist relation (instrument) on 1 credit for release 890b13c3-9422-4d78-b5a9-62451f43ebba; studio release-group pass.
release-american-beauty,person-david-torbert,performer,guest,MusicBrainz artist relation (instrument) on 1 credit for release 890b13c3-9422-4d78-b5a9-62451f43ebba; studio release-group pass.
release-american-beauty,person-jerry-garcia,performer,guitar,MusicBrainz artist relation (instrument) on 9 credits for release 890b13c3-9422-4d78-b5a9-62451f43ebba; studio release-group pass.
release-american-beauty,person-jerry-garcia,performer,pedal steel guitar,MusicBrainz artist relation (instrument) on 9 credits for release 890b13c3-9422-4d78-b5a9-62451f43ebba; studio release-group pass.
release-american-beauty,person-jerry-garcia,performer,piano,MusicBrainz artist relation (instrument) on 9 credits for release 890b13c3-9422-4d78-b5a9-62451f43ebba; studio release-group pass.
release-american-beauty,person-mickey-hart,performer,percussion,MusicBrainz artist relation (instrument) on 9 credits for release 890b13c3-9422-4d78-b5a9-62451f43ebba; studio release-group pass.
release-american-beauty,person-ned-lagin,performer,guest,MusicBrainz artist relation (instrument) on 1 credit for release 890b13c3-9422-4d78-b5a9-62451f43ebba; studio release-group pass.
release-american-beauty,person-ned-lagin,performer,piano,MusicBrainz artist relation (instrument) on 1 credit for release 890b13c3-9422-4d78-b5a9-62451f43ebba; studio release-group pass.
release-american-beauty,person-phil-lesh,performer,bass,MusicBrainz artist relation (instrument) on 4 credits for release 890b13c3-9422-4d78-b5a9-62451f43ebba; studio release-group pass.
release-american-beauty,person-phil-lesh,performer,bass guitar,MusicBrainz artist relation (instrument) on 5 credits for release 890b13c3-9422-4d78-b5a9-62451f43ebba; studio release-group pass.
release-american-beauty,person-phil-lesh,performer,guitar,MusicBrainz artist relation (instrument) on 9 credits for release 890b13c3-9422-4d78-b5a9-62451f43ebba; studio release-group pass.
release-american-beauty,person-phil-lesh,performer,piano,MusicBrainz artist relation (instrument) on 9 credits for release 890b13c3-9422-4d78-b5a9-62451f43ebba; studio release-group pass.
release-american-beauty,person-ron-pigpen-mckernan,performer,harmonica,MusicBrainz artist relation (instrument) on 9 credits for release 890b13c3-9422-4d78-b5a9-62451f43ebba; studio release-group pass.
release-anthem-of-the-sun,person-bill-kreutzmann,performer,bell,MusicBrainz artist relation (instrument) on 1 credit for release 8a51745c-eeb3-35db-8c69-d77352249007; studio release-group pass.
release-anthem-of-the-sun,person-bill-kreutzmann,performer,chimes,MusicBrainz artist relation (instrument) on 1 credit for release 8a51745c-eeb3-35db-8c69-d77352249007; studio release-group pass.
release-anthem-of-the-sun,person-bill-kreutzmann,performer,crotales,MusicBrainz artist relation (instrument) on 1 credit for release 8a51745c-eeb3-35db-8c69-d77352249007; studio release-group pass.
release-anthem-of-the-sun,person-bill-kreutzmann,performer,drums (drum set),MusicBrainz artist relation (instrument) on 1 credit for release 8a51745c-eeb3-35db-8c69-d77352249007; studio release-group pass.
release-anthem-of-the-sun,person-bill-kreutzmann,performer,finger cymbals,MusicBrainz artist relation (instrument) on 1 credit for release 8a51745c-eeb3-35db-8c69-d77352249007; studio release-group pass.
release-anthem-of-the-sun,person-bill-kreutzmann,performer,gong,MusicBrainz artist relation (instrument) on 1 credit for release 8a51745c-eeb3-35db-8c69-d77352249007; studio release-group pass.
release-anthem-of-the-sun,person-bill-kreutzmann,performer,prepared piano,MusicBrainz artist relation (instrument) on 1 credit for release 8a51745c-eeb3-35db-8c69-d77352249007; studio release-group pass.
release-anthem-of-the-sun,person-bob-weir,performer,12 string guitar,MusicBrainz artist relation (instrument) on 1 credit for release 8a51745c-eeb3-35db-8c69-d77352249007; studio release-group pass.
release-anthem-of-the-sun,person-bob-weir,performer,acoustic guitar,MusicBrainz artist relation (instrument) on 1 credit for release 8a51745c-eeb3-35db-8c69-d77352249007; studio release-group pass.
release-anthem-of-the-sun,person-bob-weir,performer,guitar,MusicBrainz artist relation (instrument) on 1 credit for release 8a51745c-eeb3-35db-8c69-d77352249007; studio release-group pass.
release-anthem-of-the-sun,person-bob-weir,performer,kazoo,MusicBrainz artist relation (instrument) on 1 credit for release 8a51745c-eeb3-35db-8c69-d77352249007; studio release-group pass.
release-anthem-of-the-sun,person-jerry-garcia,performer,acoustic guitar,MusicBrainz artist relation (instrument) on 1 credit for release 8a51745c-eeb3-35db-8c69-d77352249007; studio release-group pass.
release-anthem-of-the-sun,person-jerry-garcia,performer,guitar,MusicBrainz artist relation (instrument) on 1 credit for release 8a51745c-eeb3-35db-8c69-d77352249007; studio release-group pass.
release-anthem-of-the-sun,person-jerry-garcia,performer,kazoo,MusicBrainz artist relation (instrument) on 1 credit for release 8a51745c-eeb3-35db-8c69-d77352249007; studio release-group pass.
release-anthem-of-the-sun,person-jerry-garcia,performer,vibraslap,MusicBrainz artist relation (instrument) on 1 credit for release 8a51745c-eeb3-35db-8c69-d77352249007; studio release-group pass.
release-anthem-of-the-sun,person-mickey-hart,performer,bell,MusicBrainz artist relation (instrument) on 1 credit for release 8a51745c-eeb3-35db-8c69-d77352249007; studio release-group pass.
release-anthem-of-the-sun,person-mickey-hart,performer,chimes,MusicBrainz artist relation (instrument) on 1 credit for release 8a51745c-eeb3-35db-8c69-d77352249007; studio release-group pass.
release-anthem-of-the-sun,person-mickey-hart,performer,crotales,MusicBrainz artist relation (instrument) on 1 credit for release 8a51745c-eeb3-35db-8c69-d77352249007; studio release-group pass.
release-anthem-of-the-sun,person-mickey-hart,performer,drums (drum set),MusicBrainz artist relation (instrument) on 1 credit for release 8a51745c-eeb3-35db-8c69-d77352249007; studio release-group pass.
release-anthem-of-the-sun,person-mickey-hart,performer,finger cymbals,MusicBrainz artist relation (instrument) on 1 credit for release 8a51745c-eeb3-35db-8c69-d77352249007; studio release-group pass.
release-anthem-of-the-sun,person-mickey-hart,performer,gong,MusicBrainz artist relation (instrument) on 1 credit for release 8a51745c-eeb3-35db-8c69-d77352249007; studio release-group pass.
release-anthem-of-the-sun,person-mickey-hart,performer,prepared piano,MusicBrainz artist relation (instrument) on 1 credit for release 8a51745c-eeb3-35db-8c69-d77352249007; studio release-group pass.
release-anthem-of-the-sun,person-phil-lesh,performer,bass,MusicBrainz artist relation (instrument) on 1 credit for release 8a51745c-eeb3-35db-8c69-d77352249007; studio release-group pass.
release-anthem-of-the-sun,person-phil-lesh,performer,harpsichord,MusicBrainz artist relation (instrument) on 1 credit for release 8a51745c-eeb3-35db-8c69-d77352249007; studio release-group pass.
release-anthem-of-the-sun,person-phil-lesh,performer,kazoo,MusicBrainz artist relation (instrument) on 1 credit for release 8a51745c-eeb3-35db-8c69-d77352249007; studio release-group pass.
release-anthem-of-the-sun,person-phil-lesh,performer,piano,MusicBrainz artist relation (instrument) on 1 credit for release 8a51745c-eeb3-35db-8c69-d77352249007; studio release-group pass.
release-anthem-of-the-sun,person-phil-lesh,performer,timpani,MusicBrainz artist relation (instrument) on 1 credit for release 8a51745c-eeb3-35db-8c69-d77352249007; studio release-group pass.
release-anthem-of-the-sun,person-phil-lesh,performer,trumpet,MusicBrainz artist relation (instrument) on 1 credit for release 8a51745c-eeb3-35db-8c69-d77352249007; studio release-group pass.
release-anthem-of-the-sun,person-ron-pigpen-mckernan,performer,celesta,MusicBrainz artist relation (instrument) on 1 credit for release 8a51745c-eeb3-35db-8c69-d77352249007; studio release-group pass.
release-anthem-of-the-sun,person-ron-pigpen-mckernan,performer,claves,MusicBrainz artist relation (instrument) on 1 credit for release 8a51745c-eeb3-35db-8c69-d77352249007; studio release-group pass.
release-anthem-of-the-sun,person-ron-pigpen-mckernan,performer,organ,MusicBrainz artist relation (instrument) on 1 credit for release 8a51745c-eeb3-35db-8c69-d77352249007; studio release-group pass.
release-anthem-of-the-sun,person-tom-constanten,performer,piano,MusicBrainz artist relation (instrument) on 1 credit for release 8a51745c-eeb3-35db-8c69-d77352249007; studio release-group pass.
release-anthem-of-the-sun,person-tom-constanten,performer,prepared piano,MusicBrainz artist relation (instrument) on 1 credit for release 8a51745c-eeb3-35db-8c69-d77352249007; studio release-group pass.
release-been-all-around-this-world,person-david-grisman,performer,baritone vocals,MusicBrainz artist relation (vocal) on 1 credit for release 384fe9c4-ce9f-4da9-8ab4-c7c6d0454d41; studio release-group pass.
release-been-all-around-this-world,person-david-grisman,performer,mandola,MusicBrainz artist relation (instrument) on 1 credit for release 384fe9c4-ce9f-4da9-8ab4-c7c6d0454d41; studio release-group pass.
release-been-all-around-this-world,person-david-grisman,performer,mandolin,MusicBrainz artist relation (instrument) on 12 credits for release 384fe9c4-ce9f-4da9-8ab4-c7c6d0454d41; studio release-group pass.
release-been-all-around-this-world,person-david-grisman,performer,tenor vocals,MusicBrainz artist relation (vocal) on 2 credits for release 384fe9c4-ce9f-4da9-8ab4-c7c6d0454d41; studio release-group pass.
release-been-all-around-this-world,person-jerry-garcia,performer,acoustic guitar,MusicBrainz artist relation (instrument) on 12 credits for release 384fe9c4-ce9f-4da9-8ab4-c7c6d0454d41; studio release-group pass.
release-blue-mountain,person-bob-weir,performer,acoustic guitar,MusicBrainz artist relation (instrument) on 12 credits for release 1b3d19a5-40c6-4830-a6a1-256ecd407e10; studio release-group pass.
release-blues-for-allah,person-bill-kreutzmann,performer,drums (drum set),MusicBrainz artist relation (instrument) on 1 credit for release e6996642-ae79-395a-af24-ddbf40d06fcc; studio release-group pass.
release-blues-for-allah,person-bill-kreutzmann,performer,percussion,MusicBrainz artist relation (instrument) on 1 credit for release e6996642-ae79-395a-af24-ddbf40d06fcc; studio release-group pass.
release-blues-for-allah,person-bob-weir,performer,guitar,MusicBrainz artist relation (instrument) on 1 credit for release e6996642-ae79-395a-af24-ddbf40d06fcc; studio release-group pass.
release-blues-for-allah,person-jerry-garcia,performer,guitar,MusicBrainz artist relation (instrument) on 1 credit for release e6996642-ae79-395a-af24-ddbf40d06fcc; studio release-group pass.
release-blues-for-allah,person-keith-godchaux,performer,keyboard,MusicBrainz artist relation (instrument) on 1 credit for release e6996642-ae79-395a-af24-ddbf40d06fcc; studio release-group pass.
release-blues-for-allah,person-mickey-hart,performer,percussion,MusicBrainz artist relation (instrument) on 1 credit for release e6996642-ae79-395a-af24-ddbf40d06fcc; studio release-group pass.
release-blues-for-allah,person-phil-lesh,performer,bass,MusicBrainz artist relation (instrument) on 1 credit for release e6996642-ae79-395a-af24-ddbf40d06fcc; studio release-group pass.
release-cats-under-the-stars,person-jerry-garcia,performer,guitar,MusicBrainz artist relation (instrument) on 2 credits for release e5317817-1c5e-4250-8d11-47982ec09c46; studio release-group pass.
release-cats-under-the-stars,person-keith-godchaux,performer,background vocals,MusicBrainz artist relation (vocal) on 2 credits for release e5317817-1c5e-4250-8d11-47982ec09c46; studio release-group pass.
release-cats-under-the-stars,person-keith-godchaux,performer,keyboard,MusicBrainz artist relation (instrument) on 2 credits for release e5317817-1c5e-4250-8d11-47982ec09c46; studio release-group pass.
release-cats-under-the-stars,person-merl-saunders,performer,organ,MusicBrainz artist relation (instrument) on 2 credits for release e5317817-1c5e-4250-8d11-47982ec09c46; studio release-group pass.
release-compliments-of-garcia,person-jerry-garcia,performer,guitar,MusicBrainz artist relation (instrument) on 1 credit for release e60694a4-6a43-4734-a145-df0fd2247a44; studio release-group pass.
release-compliments-of-garcia,person-maria-muldaur,performer,background vocals,MusicBrainz artist relation (vocal) on 1 credit for release e60694a4-6a43-4734-a145-df0fd2247a44; studio release-group pass.
release-compliments-of-garcia,person-merl-saunders,performer,organ,MusicBrainz artist relation (instrument) on 1 credit for release e60694a4-6a43-4734-a145-df0fd2247a44; studio release-group pass.
release-evening-moods,person-bob-weir,performer,guitar,MusicBrainz artist relation (instrument) on 1 credit for release f00cd37f-6227-4cbe-8569-ec622c05f0f8; studio release-group pass.
release-evening-moods,person-bob-weir,performer,lead vocals,MusicBrainz artist relation (vocal) on 1 credit for release f00cd37f-6227-4cbe-8569-ec622c05f0f8; studio release-group pass.
release-evening-moods,person-mickey-hart,performer,percussion,MusicBrainz artist relation (instrument) on 3 credits for release f00cd37f-6227-4cbe-8569-ec622c05f0f8; studio release-group pass.
release-from-the-mars-hotel,person-ned-lagin,performer,synthesizer,MusicBrainz artist relation (instrument) on 1 credit for release 774cbe77-2c13-4a78-8a49-80e2779b12ea; studio release-group pass.
release-garcia,person-bill-kreutzmann,performer,drums (drum set),MusicBrainz artist relation (instrument) on 9 credits for release e58f1f3b-41ca-4408-a671-5a7a118f9f13; studio release-group pass.
release-garcia,person-jerry-garcia,performer,acoustic guitar,MusicBrainz artist relation (instrument) on 9 credits for release e58f1f3b-41ca-4408-a671-5a7a118f9f13; studio release-group pass.
release-garcia,person-jerry-garcia,performer,bass,MusicBrainz artist relation (instrument) on 5 credits for release e58f1f3b-41ca-4408-a671-5a7a118f9f13; studio release-group pass.
release-garcia,person-jerry-garcia,performer,electric bass guitar,MusicBrainz artist relation (instrument) on 4 credits for release e58f1f3b-41ca-4408-a671-5a7a118f9f13; studio release-group pass.
release-garcia,person-jerry-garcia,performer,electric guitar,MusicBrainz artist relation (instrument) on 9 credits for release e58f1f3b-41ca-4408-a671-5a7a118f9f13; studio release-group pass.
release-garcia,person-jerry-garcia,performer,organ,MusicBrainz artist relation (instrument) on 9 credits for release e58f1f3b-41ca-4408-a671-5a7a118f9f13; studio release-group pass.
release-garcia,person-jerry-garcia,performer,pedal steel guitar,MusicBrainz artist relation (instrument) on 9 credits for release e58f1f3b-41ca-4408-a671-5a7a118f9f13; studio release-group pass.
release-garcia,person-jerry-garcia,performer,piano,MusicBrainz artist relation (instrument) on 9 credits for release e58f1f3b-41ca-4408-a671-5a7a118f9f13; studio release-group pass.
release-garcia,person-jerry-garcia,performer,sampler,MusicBrainz artist relation (instrument) on 5 credits for release e58f1f3b-41ca-4408-a671-5a7a118f9f13; studio release-group pass.
release-gypsy-cowboy,person-david-nelson,performer,bagpipe,MusicBrainz artist relation (instrument) on 1 credit for release 07a686ff-a52b-4991-b0b5-14d819098dee; studio release-group pass.
release-gypsy-cowboy,person-david-nelson,performer,guitar,MusicBrainz artist relation (instrument) on 1 credit for release 07a686ff-a52b-4991-b0b5-14d819098dee; studio release-group pass.
release-gypsy-cowboy,person-david-nelson,performer,mandolin,MusicBrainz artist relation (instrument) on 1 credit for release 07a686ff-a52b-4991-b0b5-14d819098dee; studio release-group pass.
release-gypsy-cowboy,person-david-nelson,performer,resonator guitar,MusicBrainz artist relation (instrument) on 1 credit for release 07a686ff-a52b-4991-b0b5-14d819098dee; studio release-group pass.
release-gypsy-cowboy,person-david-torbert,performer,bass,MusicBrainz artist relation (instrument) on 1 credit for release 07a686ff-a52b-4991-b0b5-14d819098dee; studio release-group pass.
release-gypsy-cowboy,person-john-dawson,performer,guitar,MusicBrainz artist relation (instrument) on 1 credit for release 07a686ff-a52b-4991-b0b5-14d819098dee; studio release-group pass.
release-heaven-help-the-fool,person-bob-weir,performer,background vocals,MusicBrainz artist relation (vocal) on 4 credits for release 895dddc2-186c-4cd1-bfb8-038111c83f2d; studio release-group pass.
release-heaven-help-the-fool,person-bob-weir,performer,guitar,MusicBrainz artist relation (instrument) on 8 credits for release 895dddc2-186c-4cd1-bfb8-038111c83f2d; studio release-group pass.
release-heaven-help-the-fool,person-bob-weir,performer,lead vocals,MusicBrainz artist relation (vocal) on 8 credits for release 895dddc2-186c-4cd1-bfb8-038111c83f2d; studio release-group pass.
release-jerry-garcia-david-grisman,person-david-grisman,performer,mandolin,MusicBrainz artist relation (instrument) on 1 credit for release 9eddaf47-b286-4de5-b0c1-907bda8849d8; studio release-group pass.
release-jerry-garcia-david-grisman,person-jerry-garcia,performer,guitar,MusicBrainz artist relation (instrument) on 1 credit for release 9eddaf47-b286-4de5-b0c1-907bda8849d8; studio release-group pass.
release-keep-on-keepin-on,person-john-dawson,performer,acoustic guitar,MusicBrainz artist relation (instrument) on 1 credit for release 5f5f6866-23c2-44d4-a373-00feab868f36; studio release-group pass.
release-keep-on-keepin-on,person-john-dawson,performer,background vocals,MusicBrainz artist relation (vocal) on 1 credit for release 5f5f6866-23c2-44d4-a373-00feab868f36; studio release-group pass.
release-keep-on-keepin-on,person-john-dawson,performer,lead vocals,MusicBrainz artist relation (vocal) on 1 credit for release 5f5f6866-23c2-44d4-a373-00feab868f36; studio release-group pass.
release-keep-on-keepin-on,person-john-dawson,performer,mouth harp,MusicBrainz artist relation (instrument) on 1 credit for release 5f5f6866-23c2-44d4-a373-00feab868f36; studio release-group pass.
release-new-riders-of-the-purple-sage,person-david-nelson,performer,acoustic guitar,MusicBrainz artist relation (instrument) on 10 credits for release 7cfd4022-6ea4-4e1b-a2a8-e76767b4959a; studio release-group pass.
release-new-riders-of-the-purple-sage,person-david-nelson,performer,electric guitar,MusicBrainz artist relation (instrument) on 10 credits for release 7cfd4022-6ea4-4e1b-a2a8-e76767b4959a; studio release-group pass.
release-new-riders-of-the-purple-sage,person-david-nelson,performer,mandolin,MusicBrainz artist relation (instrument) on 10 credits for release 7cfd4022-6ea4-4e1b-a2a8-e76767b4959a; studio release-group pass.
release-new-riders-of-the-purple-sage,person-david-torbert,performer,acoustic guitar,MusicBrainz artist relation (instrument) on 10 credits for release 7cfd4022-6ea4-4e1b-a2a8-e76767b4959a; studio release-group pass.
release-new-riders-of-the-purple-sage,person-david-torbert,performer,bass,MusicBrainz artist relation (instrument) on 10 credits for release 7cfd4022-6ea4-4e1b-a2a8-e76767b4959a; studio release-group pass.
release-new-riders-of-the-purple-sage,person-jerry-garcia,performer,banjo,MusicBrainz artist relation (instrument) on 10 credits for release 7cfd4022-6ea4-4e1b-a2a8-e76767b4959a; studio release-group pass.
release-new-riders-of-the-purple-sage,person-jerry-garcia,performer,pedal steel guitar,MusicBrainz artist relation (instrument) on 10 credits for release 7cfd4022-6ea4-4e1b-a2a8-e76767b4959a; studio release-group pass.
release-new-riders-of-the-purple-sage,person-john-dawson,performer,acoustic guitar,MusicBrainz artist relation (instrument) on 10 credits for release 7cfd4022-6ea4-4e1b-a2a8-e76767b4959a; studio release-group pass.
release-new-riders-of-the-purple-sage,person-mickey-hart,performer,drums (drum set),MusicBrainz artist relation (instrument) on 2 credits for release 7cfd4022-6ea4-4e1b-a2a8-e76767b4959a; studio release-group pass.
release-new-riders-of-the-purple-sage,person-mickey-hart,performer,percussion,MusicBrainz artist relation (instrument) on 2 credits for release 7cfd4022-6ea4-4e1b-a2a8-e76767b4959a; studio release-group pass.
release-not-for-kids-only,person-david-grisman,performer,mandocello,MusicBrainz artist relation (instrument) on 1 credit for release 82c165d2-4267-4cf8-895f-44f9b78f8456; studio release-group pass.
release-not-for-kids-only,person-david-grisman,performer,mandolin,MusicBrainz artist relation (instrument) on 12 credits for release 82c165d2-4267-4cf8-895f-44f9b78f8456; studio release-group pass.
release-not-for-kids-only,person-david-grisman,performer,tenor banjo,MusicBrainz artist relation (instrument) on 1 credit for release 82c165d2-4267-4cf8-895f-44f9b78f8456; studio release-group pass.
release-not-for-kids-only,person-jerry-garcia,performer,guitar,MusicBrainz artist relation (instrument) on 12 credits for release 82c165d2-4267-4cf8-895f-44f9b78f8456; studio release-group pass.
release-not-for-kids-only,person-will-scarlett,performer,harmonica,MusicBrainz artist relation (instrument) on 1 credit for release 82c165d2-4267-4cf8-895f-44f9b78f8456; studio release-group pass.
release-oh-what-a-mighty-time,person-jerry-garcia,performer,guitar,MusicBrainz artist relation (instrument) on 3 credits for release 65038610-0f20-4a55-bb61-c62094f1cdbb; studio release-group pass.
release-powerglide,person-bill-kreutzmann,performer,percussion,MusicBrainz artist relation (instrument) on 2 credits for release b9fe29d9-1cb4-4976-a6ee-705ac0c84b5e; studio release-group pass.
release-powerglide,person-david-nelson,performer,lead vocals,MusicBrainz artist relation (vocal) on 1 credit for release b9fe29d9-1cb4-4976-a6ee-705ac0c84b5e; studio release-group pass.
release-powerglide,person-david-nelson,performer,mandolin,MusicBrainz artist relation (instrument) on 1 credit for release b9fe29d9-1cb4-4976-a6ee-705ac0c84b5e; studio release-group pass.
release-powerglide,person-david-torbert,performer,acoustic guitar,MusicBrainz artist relation (instrument) on 2 credits for release b9fe29d9-1cb4-4976-a6ee-705ac0c84b5e; studio release-group pass.
release-powerglide,person-david-torbert,performer,lead vocals,MusicBrainz artist relation (vocal) on 5 credits for release b9fe29d9-1cb4-4976-a6ee-705ac0c84b5e; studio release-group pass.
release-powerglide,person-david-torbert,performer,piano,MusicBrainz artist relation (instrument) on 1 credit for release b9fe29d9-1cb4-4976-a6ee-705ac0c84b5e; studio release-group pass.
release-powerglide,person-jerry-garcia,performer,banjo,MusicBrainz artist relation (instrument) on 2 credits for release b9fe29d9-1cb4-4976-a6ee-705ac0c84b5e; studio release-group pass.
release-powerglide,person-jerry-garcia,performer,piano,MusicBrainz artist relation (instrument) on 1 credit for release b9fe29d9-1cb4-4976-a6ee-705ac0c84b5e; studio release-group pass.
release-powerglide,person-john-dawson,performer,lead vocals,MusicBrainz artist relation (vocal) on 5 credits for release b9fe29d9-1cb4-4976-a6ee-705ac0c84b5e; studio release-group pass.
release-reflections,person-bill-kreutzmann,performer,drums (drum set),MusicBrainz artist relation (instrument) on 3 credits for release e780367d-9744-3958-9512-bcfea1db0bbe; studio release-group pass.
release-reflections,person-bob-weir,performer,background vocals,MusicBrainz artist relation (vocal) on 3 credits for release e780367d-9744-3958-9512-bcfea1db0bbe; studio release-group pass.
release-reflections,person-bob-weir,performer,guitar,MusicBrainz artist relation (instrument) on 3 credits for release e780367d-9744-3958-9512-bcfea1db0bbe; studio release-group pass.
release-reflections,person-donna-jean-godchaux,performer,background vocals,MusicBrainz artist relation (vocal) on 3 credits for release e780367d-9744-3958-9512-bcfea1db0bbe; studio release-group pass.
release-reflections,person-jerry-garcia,performer,acoustic guitar,MusicBrainz artist relation (instrument) on 1 credit for release e780367d-9744-3958-9512-bcfea1db0bbe; studio release-group pass.
release-reflections,person-jerry-garcia,performer,chimes,MusicBrainz artist relation (instrument) on 1 credit for release e780367d-9744-3958-9512-bcfea1db0bbe; studio release-group pass.
release-reflections,person-jerry-garcia,performer,guitar,MusicBrainz artist relation (instrument) on 6 credits for release e780367d-9744-3958-9512-bcfea1db0bbe; studio release-group pass.
release-reflections,person-jerry-garcia,performer,organ,MusicBrainz artist relation (instrument) on 1 credit for release e780367d-9744-3958-9512-bcfea1db0bbe; studio release-group pass.
release-reflections,person-jerry-garcia,performer,percussion,MusicBrainz artist relation (instrument) on 2 credits for release e780367d-9744-3958-9512-bcfea1db0bbe; studio release-group pass.
release-reflections,person-jerry-garcia,performer,synthesizer,MusicBrainz artist relation (instrument) on 1 credit for release e780367d-9744-3958-9512-bcfea1db0bbe; studio release-group pass.
release-reflections,person-keith-godchaux,performer,Rhodes piano,MusicBrainz artist relation (instrument) on 3 credits for release e780367d-9744-3958-9512-bcfea1db0bbe; studio release-group pass.
release-reflections,person-keith-godchaux,performer,piano,MusicBrainz artist relation (instrument) on 1 credit for release e780367d-9744-3958-9512-bcfea1db0bbe; studio release-group pass.
release-reflections,person-keith-godchaux,performer,tack piano,MusicBrainz artist relation (instrument) on 1 credit for release e780367d-9744-3958-9512-bcfea1db0bbe; studio release-group pass.
release-reflections,person-mickey-hart,performer,drums (drum set),MusicBrainz artist relation (instrument) on 3 credits for release e780367d-9744-3958-9512-bcfea1db0bbe; studio release-group pass.
release-reflections,person-mickey-hart,performer,percussion,MusicBrainz artist relation (instrument) on 5 credits for release e780367d-9744-3958-9512-bcfea1db0bbe; studio release-group pass.
release-reflections,person-phil-lesh,performer,electric bass guitar,MusicBrainz artist relation (instrument) on 3 credits for release e780367d-9744-3958-9512-bcfea1db0bbe; studio release-group pass.
release-run-for-the-roses,person-jerry-garcia,performer,guitar,MusicBrainz artist relation (instrument) on 1 credit for release 03a7627f-b1cd-41ea-af70-ef8fae9c357a; studio release-group pass.
release-run-for-the-roses,person-jerry-garcia,performer,slide guitar,MusicBrainz artist relation (instrument) on 1 credit for release 03a7627f-b1cd-41ea-af70-ef8fae9c357a; studio release-group pass.
release-shady-grove,person-david-grisman,performer,banjo,MusicBrainz artist relation (instrument) on 1 credit for release 238a43ae-317b-42ca-9029-e75f8b97efe5; studio release-group pass.
release-shady-grove,person-david-grisman,performer,five-string banjo,MusicBrainz artist relation (instrument) on 1 credit for release 238a43ae-317b-42ca-9029-e75f8b97efe5; studio release-group pass.
release-shady-grove,person-david-grisman,performer,guitar,MusicBrainz artist relation (instrument) on 1 credit for release 238a43ae-317b-42ca-9029-e75f8b97efe5; studio release-group pass.
release-shady-grove,person-david-grisman,performer,mandola,MusicBrainz artist relation (instrument) on 1 credit for release 238a43ae-317b-42ca-9029-e75f8b97efe5; studio release-group pass.
release-shady-grove,person-david-grisman,performer,mandolin,MusicBrainz artist relation (instrument) on 10 credits for release 238a43ae-317b-42ca-9029-e75f8b97efe5; studio release-group pass.
release-shady-grove,person-jerry-garcia,performer,five-string banjo,MusicBrainz artist relation (instrument) on 2 credits for release 238a43ae-317b-42ca-9029-e75f8b97efe5; studio release-group pass.
release-shady-grove,person-jerry-garcia,performer,guitar,MusicBrainz artist relation (instrument) on 11 credits for release 238a43ae-317b-42ca-9029-e75f8b97efe5; studio release-group pass.
release-shady-grove,person-will-scarlett,performer,harmonica,MusicBrainz artist relation (instrument) on 1 credit for release 238a43ae-317b-42ca-9029-e75f8b97efe5; studio release-group pass.
release-terrapin-station,person-bill-kreutzmann,performer,membranophone,MusicBrainz artist relation (instrument) on 1 credit for release a0d1bd24-cc27-3a6d-b736-079876499ce3; studio release-group pass.
release-terrapin-station,person-bob-weir,performer,guitar,MusicBrainz artist relation (instrument) on 1 credit for release a0d1bd24-cc27-3a6d-b736-079876499ce3; studio release-group pass.
release-terrapin-station,person-jerry-garcia,performer,guitar,MusicBrainz artist relation (instrument) on 1 credit for release a0d1bd24-cc27-3a6d-b736-079876499ce3; studio release-group pass.
release-terrapin-station,person-keith-godchaux,performer,keyboard,MusicBrainz artist relation (instrument) on 1 credit for release a0d1bd24-cc27-3a6d-b736-079876499ce3; studio release-group pass.
release-terrapin-station,person-mickey-hart,performer,membranophone,MusicBrainz artist relation (instrument) on 1 credit for release a0d1bd24-cc27-3a6d-b736-079876499ce3; studio release-group pass.
release-terrapin-station,person-phil-lesh,performer,bass,MusicBrainz artist relation (instrument) on 1 credit for release a0d1bd24-cc27-3a6d-b736-079876499ce3; studio release-group pass.
release-the-adventures-of-panama-red,person-david-nelson,performer,electric guitar,MusicBrainz artist relation (instrument) on 11 credits for release 47ee57c5-4463-403e-aaf2-f9af5011f490; studio release-group pass.
release-the-adventures-of-panama-red,person-david-nelson,performer,lead vocals,MusicBrainz artist relation (vocal) on 2 credits for release 47ee57c5-4463-403e-aaf2-f9af5011f490; studio release-group pass.
release-the-adventures-of-panama-red,person-david-torbert,performer,bass guitar,MusicBrainz artist relation (instrument) on 10 credits for release 47ee57c5-4463-403e-aaf2-f9af5011f490; studio release-group pass.
release-the-adventures-of-panama-red,person-david-torbert,performer,guitar,MusicBrainz artist relation (instrument) on 11 credits for release 47ee57c5-4463-403e-aaf2-f9af5011f490; studio release-group pass.
release-the-adventures-of-panama-red,person-david-torbert,performer,lead vocals,MusicBrainz artist relation (vocal) on 5 credits for release 47ee57c5-4463-403e-aaf2-f9af5011f490; studio release-group pass.
release-the-adventures-of-panama-red,person-donna-jean-godchaux,performer,additional,MusicBrainz artist relation (vocal) on 2 credits for release 47ee57c5-4463-403e-aaf2-f9af5011f490; studio release-group pass.
release-the-adventures-of-panama-red,person-john-dawson,performer,guitar,MusicBrainz artist relation (instrument) on 11 credits for release 47ee57c5-4463-403e-aaf2-f9af5011f490; studio release-group pass.
release-the-adventures-of-panama-red,person-john-dawson,performer,lead vocals,MusicBrainz artist relation (vocal) on 4 credits for release 47ee57c5-4463-403e-aaf2-f9af5011f490; studio release-group pass.
release-the-grateful-dead,person-bill-kreutzmann,performer,drums (drum set),MusicBrainz artist relation (instrument) on 1 credit for release ff1a2d46-5ab4-3d42-90bb-43176767a468; studio release-group pass.
release-the-grateful-dead,person-bob-weir,performer,background vocals,MusicBrainz artist relation (vocal) on 1 credit for release ff1a2d46-5ab4-3d42-90bb-43176767a468; studio release-group pass.
release-the-grateful-dead,person-bob-weir,performer,guitar,MusicBrainz artist relation (instrument) on 1 credit for release ff1a2d46-5ab4-3d42-90bb-43176767a468; studio release-group pass.
release-the-grateful-dead,person-bob-weir,performer,lead vocals,MusicBrainz artist relation (vocal) on 3 credits for release ff1a2d46-5ab4-3d42-90bb-43176767a468; studio release-group pass.
release-the-grateful-dead,person-jerry-garcia,performer,guitar,MusicBrainz artist relation (instrument) on 1 credit for release ff1a2d46-5ab4-3d42-90bb-43176767a468; studio release-group pass.
release-the-grateful-dead,person-jerry-garcia,performer,lead vocals,MusicBrainz artist relation (vocal) on 6 credits for release ff1a2d46-5ab4-3d42-90bb-43176767a468; studio release-group pass.
release-the-grateful-dead,person-phil-lesh,performer,background vocals,MusicBrainz artist relation (vocal) on 1 credit for release ff1a2d46-5ab4-3d42-90bb-43176767a468; studio release-group pass.
release-the-grateful-dead,person-phil-lesh,performer,bass,MusicBrainz artist relation (instrument) on 1 credit for release ff1a2d46-5ab4-3d42-90bb-43176767a468; studio release-group pass.
release-the-grateful-dead,person-ron-pigpen-mckernan,performer,lead vocals,MusicBrainz artist relation (vocal) on 1 credit for release ff1a2d46-5ab4-3d42-90bb-43176767a468; studio release-group pass.
release-the-grateful-dead,person-ron-pigpen-mckernan,performer,organ,MusicBrainz artist relation (instrument) on 1 credit for release ff1a2d46-5ab4-3d42-90bb-43176767a468; studio release-group pass.
release-who-are-those-guys,person-david-nelson,performer,guitar,MusicBrainz artist relation (instrument) on 1 credit for release 7f0f382f-2007-41da-8b73-fd88c5a4d14f; studio release-group pass.
release-who-are-those-guys,person-john-dawson,performer,guitar,MusicBrainz artist relation (instrument) on 1 credit for release 7f0f382f-2007-41da-8b73-fd88c5a4d14f; studio release-group pass.
release-workingmans-dead,person-bill-kreutzmann,performer,drums (drum set),MusicBrainz artist relation (instrument) on 8 credits for release 15faf802-8bd9-4125-985b-778bced8ace5; studio release-group pass.
release-workingmans-dead,person-bill-kreutzmann,performer,percussion,MusicBrainz artist relation (instrument) on 8 credits for release 15faf802-8bd9-4125-985b-778bced8ace5; studio release-group pass.
release-workingmans-dead,person-bob-weir,performer,guitar,MusicBrainz artist relation (instrument) on 8 credits for release 15faf802-8bd9-4125-985b-778bced8ace5; studio release-group pass.
release-workingmans-dead,person-bob-weir,performer,lead vocals,MusicBrainz artist relation (vocal) on 1 credit for release 15faf802-8bd9-4125-985b-778bced8ace5; studio release-group pass.
release-workingmans-dead,person-david-nelson,performer,acoustic guitar,MusicBrainz artist relation (instrument) on 2 credits for release 15faf802-8bd9-4125-985b-778bced8ace5; studio release-group pass.
release-workingmans-dead,person-david-nelson,performer,guest,MusicBrainz artist relation (instrument) on 1 credit for release 15faf802-8bd9-4125-985b-778bced8ace5; studio release-group pass.
release-workingmans-dead,person-jerry-garcia,performer,banjo,MusicBrainz artist relation (instrument) on 8 credits for release 15faf802-8bd9-4125-985b-778bced8ace5; studio release-group pass.
release-workingmans-dead,person-jerry-garcia,performer,guitar,MusicBrainz artist relation (instrument) on 8 credits for release 15faf802-8bd9-4125-985b-778bced8ace5; studio release-group pass.
release-workingmans-dead,person-jerry-garcia,performer,lead vocals,MusicBrainz artist relation (vocal) on 7 credits for release 15faf802-8bd9-4125-985b-778bced8ace5; studio release-group pass.
release-workingmans-dead,person-jerry-garcia,performer,pedal steel guitar,MusicBrainz artist relation (instrument) on 8 credits for release 15faf802-8bd9-4125-985b-778bced8ace5; studio release-group pass.
release-workingmans-dead,person-mickey-hart,performer,drums (drum set),MusicBrainz artist relation (instrument) on 8 credits for release 15faf802-8bd9-4125-985b-778bced8ace5; studio release-group pass.
release-workingmans-dead,person-mickey-hart,performer,percussion,MusicBrainz artist relation (instrument) on 8 credits for release 15faf802-8bd9-4125-985b-778bced8ace5; studio release-group pass.
release-workingmans-dead,person-phil-lesh,performer,bass,MusicBrainz artist relation (instrument) on 6 credits for release 15faf802-8bd9-4125-985b-778bced8ace5; studio release-group pass.
release-workingmans-dead,person-phil-lesh,performer,bass guitar,MusicBrainz artist relation (instrument) on 2 credits for release 15faf802-8bd9-4125-985b-778bced8ace5; studio release-group pass.
release-workingmans-dead,person-ron-pigpen-mckernan,performer,harmonica,MusicBrainz artist relation (instrument) on 8 credits for release 15faf802-8bd9-4125-985b-778bced8ace5; studio release-group pass.
release-workingmans-dead,person-ron-pigpen-mckernan,performer,keyboard,MusicBrainz artist relation (instrument) on 8 credits for release 15faf802-8bd9-4125-985b-778bced8ace5; studio release-group pass.
release-workingmans-dead,person-ron-pigpen-mckernan,performer,lead vocals,MusicBrainz artist relation (vocal) on 1 credit for release 15faf802-8bd9-4125-985b-778bced8ace5; studio release-group pass.
